date,user,institution,file,term
"2010-08-27 16:32:53","usrpb","Brown University","US-RPB-ms2008.031.xml","Rhode Island/Local Interest"
"2010-09-02 15:15:34","usrpb","Brown University","US-RPB-ms-1ca-1.xml","Education"
"2011-04-06 09:36:28","usrhi","Rhode Island Historical Society","US-RHi-mss391.xml","Rhode Island/Local Interest"
"2011-03-30 13:56:24","usrpb","Brown University","US-RPB-ms78.13.xml","Language and Literature"
"2010-04-21 12:10:52","usrar","Rhode Island State Archives","US-R-Ar-2004-08.xml","Rhode Island/Local Interest"
"2010-04-21 10:28:57","usrar","Rhode Island State Archives","US-R-Ar-2005-44.xml","Government, Politics and Law"
"2010-04-21 10:28:57","usrar","Rhode Island State Archives","US-R-Ar-2005-44.xml","Rhode Island/Local Interest"
"2010-04-21 10:28:57","usrar","Rhode Island State Archives","US-R-Ar-2005-44.xml","Education"
"2011-03-30 13:56:24","usrpb","Brown University","US-RPB-ms78.2.xml","Race, Ethnicity and Gender"
"2011-03-30 13:56:24","usrpb","Brown University","US-RPB-ms78.2.xml","Language and Literature"
"2011-03-30 13:56:24","usrpb","Brown University","US-RPB-ms78.2.xml","Social Life and Customs"
"2013-02-13 16:37:04","usrpb","Brown University","US-RPB-ms78.14.xml","Language and Literature"
"2009-02-16 11:50:09","usrar","Rhode Island State Archives","US-R-Ar-MS-00207.xml","Rhode Island/Local Interest"
"2009-02-16 11:50:09","usrar","Rhode Island State Archives","US-R-Ar-MS-00207.xml","Government, Politics and Law"
"2009-06-01 14:37:04","usrun","University of Rhode Island","US-RUn-ms177.xml","Art"
"2009-06-01 14:37:04","usrun","University of Rhode Island","US-RUn-ms104.xml","Business"
"2009-06-01 14:37:05","usrun","University of Rhode Island","US-RUn-ms7.xml","Rhode Island/Local Interest"
"2009-06-17 15:51:06","usrpjcb","John Carter Brown Library","US-RPJCB-ms2.xml","Business"
"2009-06-17 15:51:06","usrpjcb","John Carter Brown Library","US-RPJCB-ms1a.xml","Business"
"2009-06-17 15:51:06","usrpjcb","John Carter Brown Library","US-RPJCB-ms1a.xml","Maritime"
"2009-06-17 15:53:18","usrpjcb","John Carter Brown Library","US-RPJCB-ms5.xml","Business"
"2009-06-17 15:53:18","usrpjcb","John Carter Brown Library","US-RPJCB-ms5.xml","Maritime"
"2010-07-01 13:05:19","usrbrrw","Roger Williams University","US-RBrRW-UA2010.04.xml","Education"
"2010-02-09 11:02:39","usrun","University of Rhode Island","US-RUn-msg178.xml","Social Life and Customs"
"2009-12-21 10:30:32","usrar","Rhode Island State Archives","US-R-Ar-1996-14.xml","Government, Politics and Law"
"2009-12-21 10:30:32","usrar","Rhode Island State Archives","US-R-Ar-1996-14.xml","Rhode Island/Local Interest"
"2009-12-21 10:30:31","usrar","Rhode Island State Archives","US-R-Ar-1998-146.xml","Government, Politics and Law"
"2009-12-21 10:30:31","usrar","Rhode Island State Archives","US-R-Ar-1998-146.xml","Maritime"
"2009-12-21 10:30:31","usrar","Rhode Island State Archives","US-R-Ar-1998-146.xml","Rhode Island/Local Interest"
"2009-12-21 10:30:33","usrar","Rhode Island State Archives","US-R-Ar-490.xml","Rhode Island/Local Interest"
"2009-12-21 10:30:32","usrar","Rhode Island State Archives","US-R-Ar-1995-464.xml","Government, Politics and Law"
"2009-12-21 10:30:32","usrar","Rhode Island State Archives","US-R-Ar-1995-464.xml","Maritime"
"2009-12-21 10:30:30","usrar","Rhode Island State Archives","US-R-Ar-2005-27.xml","Education"
"2009-12-21 10:30:30","usrar","Rhode Island State Archives","US-R-Ar-2005-27.xml","Rhode Island/Local Interest"
"2009-12-21 10:30:30","usrar","Rhode Island State Archives","US-R-Ar-2006-27.xml","Health and Medicine"
"2009-12-21 10:30:30","usrar","Rhode Island State Archives","US-R-Ar-2006-27.xml","Rhode Island/Local Interest"
"2009-12-21 10:30:31","usrar","Rhode Island State Archives","US-R-Ar-2001-98.xml","Education"
"2009-12-21 10:30:31","usrar","Rhode Island State Archives","US-R-Ar-2001-98.xml","Rhode Island/Local Interest"
"2009-12-21 10:30:31","usrar","Rhode Island State Archives","US-R-Ar-2001-55.xml","Government, Politics and Law"
"2009-12-21 10:30:31","usrar","Rhode Island State Archives","US-R-Ar-2001-55.xml","Rhode Island/Local Interest"
"2009-12-21 10:30:32","usrar","Rhode Island State Archives","US-R-Ar-1997-96.xml","Government, Politics and Law"
"2009-12-21 10:30:32","usrar","Rhode Island State Archives","US-R-Ar-1997-96.xml","Rhode Island/Local Interest"
"2009-12-21 10:30:31","usrar","Rhode Island State Archives","US-R-Ar-2001-35.xml","Government, Politics and Law"
"2009-12-21 10:30:32","usrar","Rhode Island State Archives","US-R-Ar-1997-124.xml","Government, Politics and Law"
"2009-12-21 10:30:32","usrar","Rhode Island State Archives","US-R-Ar-1997-124.xml","Rhode Island/Local Interest"
"2009-12-21 10:30:32","usrar","Rhode Island State Archives","US-R-Ar-1997-12.xml","Government, Politics and Law"
"2009-12-21 10:30:32","usrar","Rhode Island State Archives","US-R-Ar-1997-12.xml","Rhode Island/Local Interest"
"2009-12-21 10:30:32","usrar","Rhode Island State Archives","US-R-Ar-1996-68.xml","Government, Politics and Law"
"2009-12-21 10:30:31","usrar","Rhode Island State Archives","US-R-Ar-1998-144.xml","Government, Politics and Law"
"2009-12-21 10:30:31","usrar","Rhode Island State Archives","US-R-Ar-1998-144.xml","Rhode Island/Local Interest"
"2009-07-31 15:13:02","usrar","Rhode Island State Archives","US-R-Ar-1997-112.xml","Rhode Island/Local Interest"
"2009-07-31 15:13:02","usrar","Rhode Island State Archives","US-R-Ar-1997-112.xml","Government, Politics and Law"
"2009-12-21 10:30:30","usrar","Rhode Island State Archives","US-R-Ar-2002-23.xml","Government, Politics and Law"
"2009-12-21 10:30:30","usrar","Rhode Island State Archives","US-R-Ar-2002-23.xml","Rhode Island/Local Interest"
"2009-12-21 10:30:30","usrar","Rhode Island State Archives","US-R-Ar-2009-02.xml","Agriculture"
"2009-12-21 10:30:30","usrar","Rhode Island State Archives","US-R-Ar-2009-02.xml","Rhode Island/Local Interest"
"2009-12-21 10:30:30","usrar","Rhode Island State Archives","US-R-Ar-2009-17.xml","Government, Politics and Law"
"2009-12-21 10:30:30","usrar","Rhode Island State Archives","US-R-Ar-2009-17.xml","Race, Ethnicity and Gender"
"2009-12-21 10:30:30","usrar","Rhode Island State Archives","US-R-Ar-2009-17.xml","Rhode Island/Local Interest"
"2009-12-21 10:30:31","usrar","Rhode Island State Archives","US-R-Ar-2000-51.xml","Government, Politics and Law"
"2009-12-21 10:30:31","usrar","Rhode Island State Archives","US-R-Ar-2000-51.xml","Rhode Island/Local Interest"
"2009-12-21 10:30:31","usrar","Rhode Island State Archives","US-R-Ar-2000-51.xml","Science and Technology"
"2009-12-21 10:30:30","usrar","Rhode Island State Archives","US-R-Ar-2009-19.xml","Government, Politics and Law"
"2009-12-21 10:30:30","usrar","Rhode Island State Archives","US-R-Ar-2009-19.xml","Rhode Island/Local Interest"
"2009-12-21 10:30:30","usrar","Rhode Island State Archives","US-R-Ar-2004-56.xml","Government, Politics and Law"
"2009-12-21 10:30:30","usrar","Rhode Island State Archives","US-R-Ar-2004-56.xml","Rhode Island/Local Interest"
"2009-12-21 10:30:32","usrar","Rhode Island State Archives","US-R-Ar-1995-291.xml","Government, Politics and Law"
"2009-12-21 10:30:31","usrar","Rhode Island State Archives","US-R-Ar-2002-09.xml","Government, Politics and Law"
"2009-12-21 10:30:31","usrar","Rhode Island State Archives","US-R-Ar-2002-09.xml","Rhode Island/Local Interest"
"2009-12-21 10:30:31","usrar","Rhode Island State Archives","US-R-Ar-2001-78.xml","Government, Politics and Law"
"2009-12-21 10:30:31","usrar","Rhode Island State Archives","US-R-Ar-2001-78.xml","Rhode Island/Local Interest"
"2009-12-21 10:30:31","usrar","Rhode Island State Archives","US-R-Ar-2000-70.xml","Government, Politics and Law"
"2009-12-21 10:30:31","usrar","Rhode Island State Archives","US-R-Ar-2000-70.xml","Rhode Island/Local Interest"
"2009-12-21 10:30:30","usrar","Rhode Island State Archives","US-R-Ar-2009-18.xml","Government, Politics and Law"
"2009-12-21 10:30:30","usrar","Rhode Island State Archives","US-R-Ar-2009-18.xml","Rhode Island/Local Interest"
"2009-12-21 10:30:32","usrar","Rhode Island State Archives","US-R-Ar-1995-472.xml","Government, Politics and Law"
"2009-12-21 10:30:32","usrar","Rhode Island State Archives","US-R-Ar-1995-472.xml","Rhode Island/Local Interest"
"2010-04-21 12:28:45","usrar","Rhode Island State Archives","US-R-Ar-00207.xml","Government, Politics and Law"
"2010-04-21 12:28:45","usrar","Rhode Island State Archives","US-R-Ar-00207.xml","Rhode Island/Local Interest"
"2009-12-21 10:30:32","usrar","Rhode Island State Archives","US-R-Ar-1997-89.xml","Government, Politics and Law"
"2009-12-21 10:30:32","usrar","Rhode Island State Archives","US-R-Ar-1997-89.xml","Rhode Island/Local Interest"
"2009-12-21 10:30:30","usrar","Rhode Island State Archives","US-R-Ar-2008-12.xml","Government, Politics and Law"
"2009-12-21 10:30:30","usrar","Rhode Island State Archives","US-R-Ar-2008-12.xml","Agriculture"
"2009-12-21 10:30:30","usrar","Rhode Island State Archives","US-R-Ar-2008-12.xml","Rhode Island/Local Interest"
"2009-12-21 10:30:33","usrar","Rhode Island State Archives","US-R-Ar-95-197.xml","Government, Politics and Law"
"2009-12-21 10:30:33","usrar","Rhode Island State Archives","US-R-Ar-95-197.xml","Health and Medicine"
"2009-12-21 10:30:31","usrar","Rhode Island State Archives","US-R-Ar-2001-17.xml","Government, Politics and Law"
"2009-12-21 10:30:31","usrar","Rhode Island State Archives","US-R-Ar-2001-17.xml","Rhode Island/Local Interest"
"2009-12-21 10:30:32","usrar","Rhode Island State Archives","US-R-Ar-1993-93.xml","Government, Politics and Law"
"2009-12-21 10:30:32","usrar","Rhode Island State Archives","US-R-Ar-1993-93.xml","Rhode Island/Local Interest"
"2009-12-21 10:30:31","usrar","Rhode Island State Archives","US-R-Ar-2000-55.xml","Government, Politics and Law"
"2009-12-21 10:30:31","usrar","Rhode Island State Archives","US-R-Ar-2000-55.xml","Rhode Island/Local Interest"
"2009-12-21 10:30:30","usrar","Rhode Island State Archives","US-R-Ar-2003-07.xml","Health and Medicine"
"2009-12-21 10:30:30","usrar","Rhode Island State Archives","US-R-Ar-2003-07.xml","Rhode Island/Local Interest"
"2009-12-21 10:30:30","usrar","Rhode Island State Archives","US-R-Ar-2007-10.xml","Health and Medicine"
"2009-12-21 10:30:30","usrar","Rhode Island State Archives","US-R-Ar-2007-10.xml","Rhode Island/Local Interest"
"2009-12-21 10:30:33","usrar","Rhode Island State Archives","US-R-Ar-00339.xml","Government, Politics and Law"
"2009-12-21 10:30:33","usrar","Rhode Island State Archives","US-R-Ar-00339.xml","Rhode Island/Local Interest"
"2009-12-21 10:30:33","usrar","Rhode Island State Archives","US-R-Ar-00209.xml","Government, Politics and Law"
"2009-12-21 10:30:33","usrar","Rhode Island State Archives","US-R-Ar-00209.xml","Rhode Island/Local Interest"
"2009-12-21 10:30:33","usrar","Rhode Island State Archives","US-R-Ar-00208.xml","Government, Politics and Law"
"2009-12-21 10:30:33","usrar","Rhode Island State Archives","US-R-Ar-00208.xml","Rhode Island/Local Interest"
"2009-12-21 10:30:33","usrar","Rhode Island State Archives","US-R-Ar-00206.xml","Government, Politics and Law"
"2009-12-21 10:30:33","usrar","Rhode Island State Archives","US-R-Ar-00206.xml","Rhode Island/Local Interest"
"2010-02-09 11:02:38","usrun","University of Rhode Island","US-RUn-msg12.xml","Government, Politics and Law"
"2010-02-09 11:02:38","usrun","University of Rhode Island","US-RUn-msg12.xml","Education"
"2010-02-03 15:45:12","usrun","University of Rhode Island","US-RUn-msg7.xml","Rhode Island/Local Interest"
"2010-02-02 10:47:04","usrun","University of Rhode Island","US-RUn-msg104.xml","Business"
"2010-02-02 10:53:26","usrun","University of Rhode Island","US-RUn-msg177.xml","Art"
"2010-02-03 15:26:44","usrun","University of Rhode Island","US-RUn-msg157.xml","Religion"
"2010-02-03 15:35:46","usrun","University of Rhode Island","US-RUn-msg50.xml","Rhode Island/Local Interest"
"2010-07-01 13:05:19","usrbrrw","Roger Williams University","US-RBrRW-UA2010.05.xml","Education"
"2010-10-13 10:47:24","usrun","University of Rhode Island","US-RUn-msg146.xml","Government, Politics and Law"
"2010-02-03 15:25:50","usrun","University of Rhode Island","US-RUn-msg186.xml","Science and Technology"
"2010-02-03 15:40:47","usrun","University of Rhode Island","US-RUn-msg121.xml","Business"
"2010-02-03 15:40:47","usrun","University of Rhode Island","US-RUn-msg121.xml","Race, Ethnicity and Gender"
"2010-02-03 15:40:47","usrun","University of Rhode Island","US-RUn-msg121.xml","Education"
"2010-02-03 15:41:26","usrun","University of Rhode Island","US-RUn-msg5.xml","Education"
"2010-02-03 15:42:14","usrun","University of Rhode Island","US-RUn-msg171.xml","Government, Politics and Law"
"2010-02-03 15:42:14","usrun","University of Rhode Island","US-RUn-msg171.xml","Maritime"
"2010-02-03 15:42:14","usrun","University of Rhode Island","US-RUn-msg171.xml","Science and Technology"
"2010-02-03 15:43:19","usrun","University of Rhode Island","US-RUn-msg83.xml","Social Life and Customs"
"2010-02-03 15:43:19","usrun","University of Rhode Island","US-RUn-msg83.xml","Rhode Island/Local Interest"
"2010-02-03 15:45:55","usrun","University of Rhode Island","US-RUn-msg6.xml","Rhode Island/Local Interest"
"2010-02-03 15:46:24","usrun","University of Rhode Island","US-RUn-msg9.xml","Rhode Island/Local Interest"
"2010-02-03 15:48:45","usrun","University of Rhode Island","US-RUn-msg8.xml","Health and Medicine"
"2010-02-03 15:48:45","usrun","University of Rhode Island","US-RUn-msg8.xml","Rhode Island/Local Interest"
"2010-02-03 15:48:45","usrun","University of Rhode Island","US-RUn-msg125.xml","Education"
"2010-02-03 15:48:45","usrun","University of Rhode Island","US-RUn-msg125.xml","Rhode Island/Local Interest"
"2010-02-03 15:48:45","usrun","University of Rhode Island","US-RUn-msg159.xml","Religion"
"2010-02-03 15:48:45","usrun","University of Rhode Island","US-RUn-msg159.xml","Education"
"2010-02-03 15:48:45","usrun","University of Rhode Island","US-RUn-msg184.xml","Government, Politics and Law"
"2010-02-03 15:48:45","usrun","University of Rhode Island","US-RUn-msg51.xml","Rhode Island/Local Interest"
"2010-02-03 15:48:45","usrun","University of Rhode Island","US-RUn-msg51.xml","Science and Technology"
"2010-02-03 15:50:11","usrun","University of Rhode Island","US-RUn-msg84.xml","Health and Medicine"
"2010-02-02 10:47:04","usrun","University of Rhode Island","US-RUn-msg46.xml","Social Life and Customs"
"2010-02-02 10:47:04","usrun","University of Rhode Island","US-RUn-msg46.xml","Race, Ethnicity and Gender"
"2010-02-02 10:47:04","usrun","University of Rhode Island","US-RUn-msg45.xml","Language and Literature"
"2010-02-03 15:33:21","usrun","University of Rhode Island","US-RUn-msg113.xml","Maritime"
"2010-02-03 15:33:21","usrun","University of Rhode Island","US-RUn-msg113.xml","Science and Technology"
"2010-02-03 15:37:36","usrun","University of Rhode Island","US-RUn-msg168.xml","Art"
"2010-02-03 15:38:31","usrun","University of Rhode Island","US-RUn-msg161.xml","Military"
"2010-02-03 15:42:45","usrun","University of Rhode Island","US-RUn-msg88.xml","Language and Literature"
"2010-02-03 15:50:10","usrun","University of Rhode Island","US-RUn-msg103.xml","Business"
"2010-02-03 15:50:10","usrun","University of Rhode Island","US-RUn-msg147.xml","Business"
"2010-02-03 15:50:10","usrun","University of Rhode Island","US-RUn-msg147.xml","Rhode Island/Local Interest"
"2010-02-03 15:50:10","usrun","University of Rhode Island","US-RUn-msg169.xml","Religion"
"2010-02-03 15:50:10","usrun","University of Rhode Island","US-RUn-msg140.xml","Art"
"2010-02-09 10:59:12","usrun","University of Rhode Island","US-RUn-msg10.xml","Government, Politics and Law"
"2010-02-09 10:59:11","usrun","University of Rhode Island","US-RUn-msg49.xml","Science and Technology"
"2010-02-09 10:59:11","usrun","University of Rhode Island","US-RUn-msg53.xml","Education"
"2010-02-09 10:59:11","usrun","University of Rhode Island","US-RUn-msg215.xml","Military"
"2010-02-09 10:59:11","usrun","University of Rhode Island","US-RUn-msg160.xml","Rhode Island/Local Interest"
"2010-02-09 11:02:39","usrun","University of Rhode Island","US-RUn-msg77.xml","Education"
"2012-11-13 14:10:01","usrun","University of Rhode Island","US-RUn-msg29.xml","Religion"
"2010-02-09 11:02:38","usrun","University of Rhode Island","US-RUn-msg4.xml","Government, Politics and Law"
"2010-02-09 11:02:38","usrun","University of Rhode Island","US-RUn-msg4.xml","Military"
"2010-02-24 15:16:17","usrun","University of Rhode Island","US-RUn-msg138.xml","Maritime"
"2010-02-24 15:16:17","usrun","University of Rhode Island","US-RUn-msg138.xml","Rhode Island/Local Interest"
"2010-02-09 11:06:10","usrun","University of Rhode Island","US-RUn-msg133.xml","Social Life and Customs"
"2010-02-09 11:06:10","usrun","University of Rhode Island","US-RUn-msg158.xml","Art"
"2010-02-09 11:06:10","usrun","University of Rhode Island","US-RUn-msg156.xml","Government, Politics and Law"
"2010-02-09 11:06:10","usrun","University of Rhode Island","US-RUn-msg191.xml","Art"
"2010-02-09 11:06:10","usrun","University of Rhode Island","US-RUn-msg154.xml","Government, Politics and Law"
"2010-02-09 11:06:10","usrun","University of Rhode Island","US-RUn-msg154.xml","Military"
"2010-02-09 11:11:57","usrun","University of Rhode Island","US-RUn-msg148.xml","Education"
"2010-03-01 15:30:48","usrun","University of Rhode Island","US-RUn-msg213.xml","Art"
"2010-03-01 15:31:47","usrun","University of Rhode Island","US-RUn-msg165.xml","Art"
"2010-03-01 15:28:12","usrun","University of Rhode Island","US-RUn-msg112.xml","Race, Ethnicity and Gender"
"2010-02-09 11:11:57","usrun","University of Rhode Island","US-RUn-msg1.xml","Language and Literature"
"2010-02-09 11:11:57","usrun","University of Rhode Island","US-RUn-msg1.xml","Education"
"2010-02-09 11:11:57","usrun","University of Rhode Island","US-RUn-msg1.xml","Rhode Island/Local Interest"
"2010-02-09 11:11:56","usrun","University of Rhode Island","US-RUn-msg95.xml","Religion"
"2010-02-09 11:14:16","usrun","University of Rhode Island","US-RUn-msg175.xml","Religion"
"2010-02-09 11:11:57","usrun","University of Rhode Island","US-RUn-msg96.xml","Religion"
"2010-02-09 11:17:03","usrun","University of Rhode Island","US-RUn-msg197.xml","Religion"
"2010-02-09 11:18:25","usrun","University of Rhode Island","US-RUn-msg180.xml","Religion"
"2010-08-27 16:32:53","usrpb","Brown University","US-RPB-ms2008.031.xml","Social Life and Customs"
"2009-11-25 15:34:15","usrpb","Brown University","US-RPB-ms2005.029.xml","Government, Politics and Law"
"2009-11-25 15:34:15","usrpb","Brown University","US-RPB-ms2005.029.xml","Religion"
"2009-11-25 15:34:15","usrpb","Brown University","US-RPB-ms2005.029.xml","Education"
"2009-11-25 15:34:15","usrpb","Brown University","US-RPB-ms2005.029.xml","Rhode Island/Local Interest"
"2009-11-25 15:34:15","usrpb","Brown University","US-RPB-ms-1q-f1.xml","Rhode Island/Local Interest"
"2009-11-25 15:27:19","usrpb","Brown University","US-RPB-ms2008.012.xml","Health and Medicine"
"2010-08-24 11:55:09","usrpb","Brown University","US-RPB-ms2008.017.xml","Religion"
"2009-11-25 15:27:19","usrpb","Brown University","US-RPB-ms2007.001.xml","Language and Literature"
"2011-12-07 11:42:55","usrppc","Providence College","US-RPPC-bfgc.xml","Performing Arts"
"2013-03-08 16:18:39","USRPPC","Providence College","US-RPPC-thomson.xml","Religion"
"2012-02-17 13:18:23","usrppc","Providence College","US-RPPC-ricc73.xml","Government, Politics and Law"
"2012-03-05 12:55:48","usrppc","Providence College","US-RPPC-forand.xml","Government, Politics and Law"
"2011-12-07 11:42:53","usrppc","Providence College","US-RPPC-socialjustice.xml","Government, Politics and Law"
"2013-03-08 16:18:39","USRPPC","Providence College","US-RPPC-walsh.xml","Military"
"2013-03-08 16:18:39","USRPPC","Providence College","US-RPPC-vonsiatskyandream.xml","Government, Politics and Law"
"2011-12-07 11:42:53","usrppc","Providence College","US-RPPC-us11regiment.xml","Military"
"2012-03-05 12:55:47","usrppc","Providence College","US-RPPC-roberts.xml","Government, Politics and Law"
"2012-03-05 12:55:46","usrppc","Providence College","US-RPPC-quinn.xml","Government, Politics and Law"
"2013-03-08 16:16:42","USRPPC","Providence College","US-RPPC-doyle.xml","Military"
"2011-12-07 11:42:54","usrppc","Providence College","US-RPPC-chaswelsh.xml","Language and Literature"
"2011-12-07 11:42:52","usrppc","Providence College","US-RPPC-chamberlin.xml","Government, Politics and Law"
"2011-12-07 11:42:54","usrppc","Providence College","US-RPPC-ccmoore.xml","Art"
"2011-12-07 11:42:54","usrppc","Providence College","US-RPPC-brennan.xml","Government, Politics and Law"
"2011-12-07 11:42:55","usrppc","Providence College","US-RPPC-altieri.xml","Government, Politics and Law"
"2011-12-07 11:42:53","usrppc","Providence College","US-RPPC-qpnas.xml","Military"
"2011-12-07 11:42:54","usrppc","Providence College","US-RPPC-mcdermott.xml","Performing Arts"
"2009-12-21 10:30:31","usrar","Rhode Island State Archives","US-R-Ar-1999-104.xml","Rhode Island/Local Interest"
"2009-12-21 10:30:31","usrar","Rhode Island State Archives","US-R-Ar-1999-104.xml","Military"
"2009-12-21 10:30:31","usrar","Rhode Island State Archives","US-R-Ar-1999-104.xml","Government, Politics and Law"
"2009-12-21 10:30:31","usrar","Rhode Island State Archives","US-R-Ar-1999-05.xml","Rhode Island/Local Interest"
"2009-12-21 10:30:31","usrar","Rhode Island State Archives","US-R-Ar-1999-05.xml","Government, Politics and Law"
"2009-12-21 10:30:31","usrar","Rhode Island State Archives","US-R-Ar-1998-149.xml","Rhode Island/Local Interest"
"2009-12-21 10:30:31","usrar","Rhode Island State Archives","US-R-Ar-1998-149.xml","Military"
"2009-12-21 10:30:31","usrar","Rhode Island State Archives","US-R-Ar-1998-146.xml","Architecture"
"2009-12-21 10:30:31","usrar","Rhode Island State Archives","US-R-Ar-1998-22.xml","Rhode Island/Local Interest"
"2009-12-21 10:30:31","usrar","Rhode Island State Archives","US-R-Ar-1998-22.xml","Government, Politics and Law"
"2009-12-21 10:30:32","usrar","Rhode Island State Archives","US-R-Ar-1997-137.xml","Rhode Island/Local Interest"
"2009-12-21 10:30:32","usrar","Rhode Island State Archives","US-R-Ar-1997-137.xml","Government, Politics and Law"
"2009-12-21 10:30:32","usrar","Rhode Island State Archives","US-R-Ar-1997-28.xml","Rhode Island/Local Interest"
"2009-12-21 10:30:32","usrar","Rhode Island State Archives","US-R-Ar-1997-28.xml","Government, Politics and Law"
"2009-12-21 10:30:32","usrar","Rhode Island State Archives","US-R-Ar-1997-27.xml","Rhode Island/Local Interest"
"2009-12-21 10:30:32","usrar","Rhode Island State Archives","US-R-Ar-1997-27.xml","Government, Politics and Law"
"2009-12-21 10:30:32","usrar","Rhode Island State Archives","US-R-Ar-1997-14.xml","Rhode Island/Local Interest"
"2009-12-21 10:30:32","usrar","Rhode Island State Archives","US-R-Ar-1997-14.xml","Government, Politics and Law"
"2010-02-12 13:46:51","usrar","Rhode Island State Archives","US-R-Ar-1996-74.xml","Government, Politics and Law"
"2010-02-12 13:46:51","usrar","Rhode Island State Archives","US-R-Ar-1996-74.xml","Rhode Island/Local Interest"
"2011-02-08 12:03:22","usrar","Rhode Island State Archives","US-R-Ar-1995-430.xml","Government, Politics and Law"
"2011-02-08 12:03:22","usrar","Rhode Island State Archives","US-R-Ar-1995-430.xml","Rhode Island/Local Interest"
"2009-12-21 10:30:32","usrar","Rhode Island State Archives","US-R-Ar-1995-239.xml","Rhode Island/Local Interest"
"2009-12-21 10:30:32","usrar","Rhode Island State Archives","US-R-Ar-1995-239.xml","Government, Politics and Law"
"2009-12-21 10:30:32","usrar","Rhode Island State Archives","US-R-Ar-1207.xml","Rhode Island/Local Interest"
"2009-12-21 10:30:32","usrar","Rhode Island State Archives","US-R-Ar-1207.xml","Maritime"
"2009-12-21 10:30:32","usrar","Rhode Island State Archives","US-R-Ar-1207.xml","Government, Politics and Law"
"2009-12-21 10:30:33","usrar","Rhode Island State Archives","US-R-Ar-490.xml","Government, Politics and Law"
"2010-02-02 10:43:44","usrun","University of Rhode Island","US-RUn-msg97.xml","Religion"
"2010-02-02 10:48:37","usrun","University of Rhode Island","US-RUn-msg99.xml","Religion"
"2010-02-04 09:29:08","usrar","Rhode Island State Archives","US-R-Ar-2010-05.xml","Rhode Island/Local Interest"
"2010-02-04 09:29:08","usrar","Rhode Island State Archives","US-R-Ar-2010-05.xml","Race, Ethnicity and Gender"
"2010-02-04 09:29:08","usrar","Rhode Island State Archives","US-R-Ar-2010-05.xml","Government, Politics and Law"
"2010-02-09 11:11:57","usrun","University of Rhode Island","US-RUn-msg33.xml","Rhode Island/Local Interest"
"2010-02-09 11:20:20","usrun","University of Rhode Island","US-RUn-msg41.xml","Religion"
"2010-02-09 11:22:05","usrun","University of Rhode Island","US-RUn-msg144.xml","Religion"
"2010-10-18 10:18:05","usrun","University of Rhode Island","US-RUn-msg182.xml","Religion"
"2011-12-01 15:48:42","usrun","University of Rhode Island","US-RUn-msg101.xml","Religion"
"2010-02-16 11:22:13","usrun","University of Rhode Island","US-RUn-msg100.xml","Religion"
"2010-02-16 11:23:47","usrun","University of Rhode Island","US-RUn-msg94.xml","Religion"
"2010-02-16 11:26:39","usrun","University of Rhode Island","US-RUn-msg185.xml","Religion"
"2010-02-24 15:05:09","usrun","University of Rhode Island","US-RUn-msg106.xml","Religion"
"2010-02-24 15:06:45","usrun","University of Rhode Island","US-RUn-msg87.xml","Religion"
"2010-02-24 15:08:14","usrun","University of Rhode Island","US-RUn-msg98.xml","Religion"
"2010-02-24 15:09:25","usrun","University of Rhode Island","US-RUn-msg107.xml","Religion"
"2010-02-24 15:11:48","usrun","University of Rhode Island","US-RUn-msg179.xml","Religion"
"2010-02-24 15:14:55","usrun","University of Rhode Island","US-RUn-msg37.xml","Rhode Island/Local Interest"
"2010-02-24 15:14:55","usrun","University of Rhode Island","US-RUn-msg37.xml","Social Life and Customs"
"2010-02-24 15:14:55","usrun","University of Rhode Island","US-RUn-msg37.xml","Maritime"
"2010-02-24 15:14:55","usrun","University of Rhode Island","US-RUn-msg203.xml","Immigration"
"2010-02-24 15:14:55","usrun","University of Rhode Island","US-RUn-msg116.xml","Rhode Island/Local Interest"
"2010-02-24 15:14:55","usrun","University of Rhode Island","US-RUn-msg116.xml","Social Life and Customs"
"2010-02-24 15:19:57","usrun","University of Rhode Island","US-RUn-msg93.xml","Science and Technology"
"2010-02-24 15:19:57","usrun","University of Rhode Island","US-RUn-msg93.xml","Rhode Island/Local Interest"
"2010-02-24 15:19:57","usrun","University of Rhode Island","US-RUn-msg30.xml","Rhode Island/Local Interest"
"2010-02-24 15:19:57","usrun","University of Rhode Island","US-RUn-msg30.xml","Education"
"2010-02-24 15:19:57","usrun","University of Rhode Island","US-RUn-msg32.xml","Immigration"
"2010-02-24 15:19:57","usrun","University of Rhode Island","US-RUn-msg64.xml","Race, Ethnicity and Gender"
"2010-02-24 15:19:57","usrun","University of Rhode Island","US-RUn-msg64.xml","Art"
"2010-02-24 15:19:57","usrun","University of Rhode Island","US-RUn-rcg138.xml","Education"
"2010-02-24 15:19:57","usrun","University of Rhode Island","US-RUn-rcg138.xml","Maritime"
"2010-02-24 15:19:57","usrun","University of Rhode Island","US-RUn-rcg138.xml","Government, Politics and Law"
"2010-02-24 15:22:27","usrun","University of Rhode Island","US-RUn-msg55.xml","Science and Technology"
"2010-02-24 15:22:27","usrun","University of Rhode Island","US-RUn-msg55.xml","Rhode Island/Local Interest"
"2010-02-24 15:27:17","usrun","University of Rhode Island","US-RUn-msg174.xml","Race, Ethnicity and Gender"
"2010-02-24 15:27:17","usrun","University of Rhode Island","US-RUn-msg174.xml","Social Life and Customs"
"2010-02-24 15:27:17","usrun","University of Rhode Island","US-RUn-msg124.xml","Education"
"2010-02-24 15:27:17","usrun","University of Rhode Island","US-RUn-msg23.xml","Rhode Island/Local Interest"
"2010-02-24 15:27:17","usrun","University of Rhode Island","US-RUn-msg23.xml","Race, Ethnicity and Gender"
"2010-02-24 15:27:17","usrun","University of Rhode Island","US-RUn-msg23.xml","Social Life and Customs"
"2010-02-24 15:27:18","usrun","University of Rhode Island","US-RUn-msg81.xml","Rhode Island/Local Interest"
"2010-02-24 15:27:18","usrun","University of Rhode Island","US-RUn-msg81.xml","Business"
"2010-02-24 15:27:18","usrun","University of Rhode Island","US-RUn-msg81.xml","Social Life and Customs"
"2010-02-24 15:27:18","usrun","University of Rhode Island","US-RUn-msg66.xml","Race, Ethnicity and Gender"
"2010-02-24 15:27:18","usrun","University of Rhode Island","US-RUn-msg66.xml","Immigration"
"2010-02-24 15:27:18","usrun","University of Rhode Island","US-RUn-msg66.xml","Social Life and Customs"
"2010-02-24 15:29:32","usrun","University of Rhode Island","US-RUn-msg54.xml","Rhode Island/Local Interest"
"2010-02-24 15:29:32","usrun","University of Rhode Island","US-RUn-msg54.xml","Social Life and Customs"
"2010-02-24 15:29:32","usrun","University of Rhode Island","US-RUn-msg54.xml","Maritime"
"2010-02-24 15:29:32","usrun","University of Rhode Island","US-RUn-msg52.xml","Race, Ethnicity and Gender"
"2010-02-24 15:29:32","usrun","University of Rhode Island","US-RUn-msg52.xml","Social Life and Customs"
"2010-02-24 15:32:23","usrun","University of Rhode Island","US-RUn-msg122.xml","Rhode Island/Local Interest"
"2010-02-24 15:32:23","usrun","University of Rhode Island","US-RUn-msg122.xml","Education"
"2010-02-24 15:32:23","usrun","University of Rhode Island","US-RUn-msg122.xml","Agriculture"
"2010-02-24 15:47:19","usrun","University of Rhode Island","US-RUn-msg39.xml","Education"
"2010-02-24 15:47:58","usrun","University of Rhode Island","US-RUn-msg202.xml","Education"
"2010-03-01 15:00:48","usrun","University of Rhode Island","US-RUn-msg85.xml","Military"
"2010-03-01 15:00:48","usrun","University of Rhode Island","US-RUn-msg85.xml","Social Life and Customs"
"2010-03-01 15:01:23","usrun","University of Rhode Island","US-RUn-msg143.xml","Social Life and Customs"
"2010-03-01 15:01:58","usrun","University of Rhode Island","US-RUn-msg31.xml","Rhode Island/Local Interest"
"2010-03-01 15:01:58","usrun","University of Rhode Island","US-RUn-msg31.xml","Business"
"2010-03-01 15:01:58","usrun","University of Rhode Island","US-RUn-msg31.xml","Social Life and Customs"
"2010-03-01 15:01:58","usrun","University of Rhode Island","US-RUn-msg31.xml","Government, Politics and Law"
"2010-03-01 15:06:01","usrun","University of Rhode Island","US-RUn-msg41.1.xml","Religion"
"2010-03-01 15:20:35","usrun","University of Rhode Island","US-RUn-msg123.xml","Education"
"2010-03-01 15:20:35","usrun","University of Rhode Island","US-RUn-msg123.xml","Race, Ethnicity and Gender"
"2010-03-01 15:20:35","usrun","University of Rhode Island","US-RUn-msg123.xml","Government, Politics and Law"
"2010-03-01 15:21:28","usrun","University of Rhode Island","US-RUn-msg109.xml","Education"
"2010-03-01 15:27:13","usrun","University of Rhode Island","US-RUn-msg82.xml","Race, Ethnicity and Gender"
"2010-03-11 14:14:01","usrar","Rhode Island State Archives","US-R-Ar-238.xml","Government, Politics and Law"
"2010-03-11 14:14:01","usrar","Rhode Island State Archives","US-R-Ar-238.xml","Rhode Island/Local Interest"
"2010-03-10 15:17:01","usrar","Rhode Island State Archives","US-R-Ar-2003-63.xml","Rhode Island/Local Interest"
"2010-03-10 15:17:01","usrar","Rhode Island State Archives","US-R-Ar-2003-63.xml","Business"
"2010-03-10 15:17:01","usrar","Rhode Island State Archives","US-R-Ar-2003-63.xml","Art"
"2010-03-15 08:42:26","usrar","Rhode Island State Archives","US-R-Ar-2002-43.xml","Rhode Island/Local Interest"
"2010-03-15 08:42:26","usrar","Rhode Island State Archives","US-R-Ar-2002-43.xml","Government, Politics and Law"
"2010-03-25 09:01:12","usrar","Rhode Island State Archives","US-R-Ar-2010-10.xml","Government, Politics and Law"
"2010-03-25 09:01:12","usrar","Rhode Island State Archives","US-R-Ar-2010-10.xml","Immigration"
"2010-03-25 09:01:12","usrar","Rhode Island State Archives","US-R-Ar-2010-10.xml","Religion"
"2010-03-25 09:01:12","usrar","Rhode Island State Archives","US-R-Ar-2010-10.xml","Rhode Island/Local Interest"
"2010-04-09 16:49:45","usrpb","Brown University","US-RPB-ms94.14.xml","Government, Politics and Law"
"2011-11-03 11:12:52","usrbrrw","Roger Williams University","US-RBrRW-UA2009.007.xml","Education"
"2012-10-05 10:15:55","usrbrrw","Roger Williams University","US-RBrRW-UA2009.001.xml","Education"
"2010-07-07 12:15:12","usrbrrw","Roger Williams University","US-RBrRW-UA2009.003.xml","Education"
"2010-07-12 09:50:17","usrbrrw","Roger Williams University","US-RBrRW-UA2009.008.xml","Education"
"2012-03-30 10:57:24","usrbrrw","Roger Williams University","US-RBrRW-UA2010.002.xml","Language and Literature"
"2010-04-21 12:53:06","usrpb","Brown University","US-RPB-ms2009.016.xml","Performing Arts"
"2010-04-21 12:53:06","usrpb","Brown University","US-RPB-ms2009.016.xml","Rhode Island/Local Interest"
"2010-04-21 12:10:52","usrar","Rhode Island State Archives","US-R-Ar-2004-08.xml","Government, Politics and Law"
"2010-04-23 12:36:30","usrpb","Brown University","US-RPB-ms2010.007.xml","Race, Ethnicity and Gender"
"2010-04-27 09:33:36","usrun","University of Rhode Island","US-RUn-msg196.xml","Religion"
"2010-04-27 09:56:06","usrun","University of Rhode Island","US-RUn-msg20.xml","Rhode Island/Local Interest"
"2010-04-27 09:56:06","usrun","University of Rhode Island","US-RUn-msg20.xml","Military"
"2010-04-27 09:56:06","usrun","University of Rhode Island","US-RUn-msg20.xml","Education"
"2010-04-27 09:56:06","usrun","University of Rhode Island","US-RUn-msg20.xml","Religion"
"2010-04-27 09:56:06","usrun","University of Rhode Island","US-RUn-msg20.xml","Race, Ethnicity and Gender"
"2010-04-27 09:56:06","usrun","University of Rhode Island","US-RUn-msg20.xml","Performing Arts"
"2010-04-27 09:56:06","usrun","University of Rhode Island","US-RUn-msg20.xml","Business"
"2010-04-27 09:56:06","usrun","University of Rhode Island","US-RUn-msg20.xml","Agriculture"
"2010-04-27 09:56:07","usrun","University of Rhode Island","US-RUn-msg20.xml","Social Life and Customs"
"2010-04-27 09:56:07","usrun","University of Rhode Island","US-RUn-msg20.xml","Government, Politics and Law"
"2010-04-27 09:56:07","usrun","University of Rhode Island","US-RUn-msg20.xml","Architecture"
"2010-04-27 09:57:31","usrun","University of Rhode Island","US-RUn-msg11.xml","Rhode Island/Local Interest"
"2010-04-27 10:11:25","usrun","University of Rhode Island","US-RUn-msg151.xml","Government, Politics and Law"
"2010-05-04 13:01:15","usrpb","Brown University","US-RPB-ms2007.013.xml","Rhode Island/Local Interest"
"2013-04-01 14:06:14","usrar","Rhode Island State Archives","US-R-Ar-1997-55.xml","Government, Politics and Law"
"2013-04-01 14:06:14","usrar","Rhode Island State Archives","US-R-Ar-1997-55.xml","Rhode Island/Local Interest"
"2010-06-30 12:32:10","usrbrrw","Roger Williams University","US-RBrRW-UA2010.03.xml","Education"
"2010-05-25 09:32:55","usrun","University of Rhode Island","US-RUn-msg60.xml","Government, Politics and Law"
"2010-05-25 09:44:15","usrun","University of Rhode Island","US-RUn-msg163.xml","Government, Politics and Law"
"2010-10-13 13:38:51","usrun","University of Rhode Island","US-RUn-msg216.xml","Performing Arts"
"2010-10-13 13:38:51","usrun","University of Rhode Island","US-RUn-msg216.xml","Rhode Island/Local Interest"
"2010-05-25 11:51:56","usrar","Rhode Island State Archives","US-R-Ar-2009-31.xml","Rhode Island/Local Interest"
"2010-05-25 11:51:56","usrar","Rhode Island State Archives","US-R-Ar-2009-31.xml","Race, Ethnicity and Gender"
"2010-05-25 11:51:56","usrar","Rhode Island State Archives","US-R-Ar-2009-31.xml","Government, Politics and Law"
"2013-08-07 10:07:34","usrbrrw","Roger Williams University","US-RBrRW-UA2009.004.xml","Education"
"2010-08-27 16:37:43","usrpb","Brown University","US-RPB-ms78.20.xml","Rhode Island/Local Interest"
"2010-08-27 16:37:43","usrpb","Brown University","US-RPB-ms78.20.xml","Military"
"2010-05-27 09:49:51","usrpb","Brown University","US-RPB-ms92.9.xml","Science and Technology"
"2010-05-27 09:49:51","usrpb","Brown University","US-RPB-ms92.9.xml","Race, Ethnicity and Gender"
"2010-05-28 15:05:33","usrpjcb","John Carter Brown Library","US-RPJCB-ms7.xml","Business"
"2010-05-28 15:05:33","usrpjcb","John Carter Brown Library","US-RPJCB-ms7.xml","Maritime"
"2010-05-28 15:05:33","usrpjcb","John Carter Brown Library","US-RPJCB-ms6.xml","Business"
"2010-05-28 15:05:33","usrpjcb","John Carter Brown Library","US-RPJCB-ms6.xml","Maritime"
"2010-05-28 15:05:33","usrpjcb","John Carter Brown Library","US-RPJCB-ms4.xml","Business"
"2010-05-28 15:05:33","usrpjcb","John Carter Brown Library","US-RPJCB-ms3.xml","Business"
"2010-05-28 15:05:33","usrpjcb","John Carter Brown Library","US-RPJCB-ms3.xml","Maritime"
"2010-05-28 15:05:33","usrpjcb","John Carter Brown Library","US-RPJCB-ms1b.xml","Maritime"
"2010-06-02 09:08:59","usrpb","Brown University","US-RPB-ms2008.023.xml","Race, Ethnicity and Gender"
"2013-03-13 13:04:05","usrpb","Brown University","US-RPB-ms85.18.xml","Language and Literature"
"2010-06-17 14:26:28","usrpb","Brown University","US-RPB-ms88.4.xml","Language and Literature"
"2010-06-16 12:44:12","usrpb","Brown University","US-RPB-ms84.1.xml","Language and Literature"
"2011-02-24 14:37:56","usrpb","Brown University","US-RPB-ms83.1.xml","Rhode Island/Local Interest"
"2010-06-16 12:50:28","usrpb","Brown University","US-RPB-ms2007.032.xml","Business"
"2012-02-17 13:18:23","usrppc","Providence College","US-RPPC-ricc64.xml","Government, Politics and Law"
"2011-12-07 11:42:54","usrppc","Providence College","US-RPPC-jlmoore.xml","Government, Politics and Law"
"2011-12-07 11:42:54","usrppc","Providence College","US-RPPC-budenz.xml","Government, Politics and Law"
"2010-09-24 16:33:38","usrbrrw","Roger Williams University","US-RBrRW-UA2010.02.xml","Language and Literature"
"2010-08-05 09:41:09","usrar","Rhode Island State Archives","US-R-Ar-2002-54.xml","Government, Politics and Law"
"2010-08-05 09:41:09","usrar","Rhode Island State Archives","US-R-Ar-2002-54.xml","Rhode Island/Local Interest"
"2010-09-09 11:08:08","usrbrrw","Roger Williams University","US-RBrRW-UA2010.06.xml","Education"
"2012-10-05 10:15:55","usrbrrw","Roger Williams University","US-RBrRW-UA2010.07.xml","Education"
"2010-07-23 08:19:24","usrpjcb","John Carter Brown Library","US-RPJCB-rg1.xml","Education"
"2010-07-23 08:19:24","usrpjcb","John Carter Brown Library","US-RPJCB-rg1.xml","Education"
"2012-10-03 14:51:17","usrpb","Brown University","US-RPB-Ms2007.020.xml","Art"
"2012-02-15 15:12:21","usrnsru","Salve Regina University","US-RNSRU-SP_07.xml","Language and Literature"
"2012-02-15 15:04:27","usrnsru","Salve Regina University","US-RNSRU-SP_02.xml","Rhode Island/Local Interest"
"2012-02-15 15:04:26","usrnsru","Salve Regina University","US-RNSRU-SP_06.xml","Architecture"
"2012-02-15 16:31:03","usrnsru","Salve Regina University","US-RNSRU-SP_03.xml","Art"
"2012-02-15 15:04:26","usrnsru","Salve Regina University","US-RNSRU-SP_05.xml","Art"
"2012-02-15 14:46:12","usrnsru","Salve Regina University","US-RNSRU-PG_19.xml","Architecture"
"2012-05-10 09:29:52","usrnsru","Salve Regina University","US-RNSRU-rg21.1.xml","Health and Medicine"
"2010-08-20 11:13:06","usrhi","Rhode Island Historical Society","US-RHi-mss231sg3.xml","Rhode Island/Local Interest"
"2010-08-24 16:39:15","usrpb","Brown University","US-RPB-ms90.20.xml","Rhode Island/Local Interest"
"2011-11-11 16:39:49","usrpb","Brown University","US-RPB-ms2010.012.xml","Rhode Island/Local Interest"
"2011-10-13 13:21:13","usrpb","Brown University","US-RPB-ms79.6.xml","Social Life and Customs"
"2010-08-24 16:42:55","usrpb","Brown University","US-RPB-ms89.21.xml","Rhode Island/Local Interest"
"2010-08-24 16:42:55","usrpb","Brown University","US-RPB-ms2010.027.xml","Language and Literature"
"2013-07-09 14:25:48","usrpb","Brown University","US-RPB-ms2010.013.xml","Performing Arts"
"2010-08-24 16:42:55","usrpb","Brown University","US-RPB-ms2010.015.xml","Rhode Island/Local Interest"
"2010-08-27 12:28:21","usrpb","Brown University","US-RPB-ms78.15.xml","Language and Literature"
"2010-08-27 13:00:51","usrpb","Brown University","US-RPB-ms79.5.xml","Military"
"2010-08-27 13:00:51","usrpb","Brown University","US-RPB-ms79.5.xml","Maritime"
"2013-01-30 13:05:40","usrpb","Brown University","US-RPB-ms79.10.xml","Language and Literature"
"2013-03-14 12:32:00","usrpb","Brown University","US-RPB-ms80.1.xml","Language and Literature"
"2013-09-04 11:05:34","usrpb","Brown University","US-RPB-ms79.11.xml","Language and Literature"
"2013-09-04 11:05:34","usrpb","Brown University","US-RPB-ms79.11.xml","Rhode Island/Local Interest"
"2010-08-27 13:28:43","usrpb","Brown University","US-RPB-ms81.4.xml","Business"
"2010-08-27 13:28:43","usrpb","Brown University","US-RPB-ms81.4.xml","Performing Arts"
"2010-08-27 13:38:18","usrpb","Brown University","US-RPB-ms90.11.xml","Language and Literature"
"2013-05-08 12:53:13","usrpb","Brown University","US-RPB-ms90.13.xml","Government, Politics and Law"
"2013-05-08 12:53:13","usrpb","Brown University","US-RPB-ms90.13.xml","Religion"
"2010-08-27 13:38:19","usrpb","Brown University","US-RPB-ms90.4.xml","Performing Arts"
"2010-08-27 13:46:51","usrpb","Brown University","US-RPB-ms91.17.xml","Agriculture"
"2010-08-27 13:46:51","usrpb","Brown University","US-RPB-ms91.17.xml","Social Life and Customs"
"2010-08-27 13:47:10","usrpb","Brown University","US-RPB-ms93.2.xml","Education"
"2010-08-27 13:47:10","usrpb","Brown University","US-RPB-ms93.2.xml","Social Life and Customs"
"2013-01-15 15:58:53","usrpb","Brown University","US-RPB-ms97.1.xml","Language and Literature"
"2010-08-27 15:29:11","usrpb","Brown University","US-RPB-mof-1zu-2.xml","Education"
"2010-08-30 16:58:01","usrpb","Brown University","US-RPB-ms2005.1.xml","Performing Arts"
"2010-08-30 16:58:01","usrpb","Brown University","US-RPB-ms2005.036.xml","Education"
"2010-08-30 21:32:18","usrpb","Brown University","US-RPB-ms2010.016.xml","Government, Politics, and Law"
"2013-01-09 14:08:02","usrpb","Brown University","US-RPB-ms2010.038.xml","Language and Literature"
"2010-08-30 21:35:04","usrpb","Brown University","US-RPB-ms2010.017.xml","Language and Literature"
"2010-08-30 21:36:32","usrpb","Brown University","US-RPB-ms.91.19.xml","Rhode Island/Local Interest"
"2010-08-30 21:58:28","usrpb","Brown University","US-RPB-ms81.1.xml","Rhode Island/Local Interest"
"2010-08-30 22:08:16","usrpb","Brown University","US-RPB-ms88.2.xml","Rhode Island/Local Interest"
"2013-09-04 16:40:06","usrpb","Brown University","US-RPB-ms2005.66.xml","Health and Medicine"
"2013-02-13 15:19:00","usrpb","Brown University","US-RPB-ms2005.69.xml","Performing Arts"
"2013-07-30 10:30:59","usrpb","Brown University","US-RPB-ms2006.01.xml","Government, Politics and Law"
"2013-07-31 13:29:21","usrpb","Brown University","US-RPB-mshoffman.xml","Government, Politics and Law"
"2013-07-16 15:07:18","usrpb","Brown University","US-RPB-ms2006.02.xml","Education"
"2013-07-16 15:07:18","usrpb","Brown University","US-RPB-ms2006.02.xml","Race, Ethnicity and Gender"
"2013-03-14 15:27:58","usrpb","Brown University","US-RPB-ms2006.07.xml","Government, Politics and Law"
"2013-03-14 15:27:58","usrpb","Brown University","US-RPB-ms2006.07.xml","Language and Literature"
"2013-03-14 15:27:58","usrpb","Brown University","US-RPB-ms2006.07.xml","Religion"
"2013-07-31 15:02:55","usrpb","Brown University","US-RPB-ms2007.005.xml","Science and Technology"
"2010-09-02 14:57:59","usrpb","Brown University","US-RPB-ms-1d-f2.xml","Education"
"2010-09-02 14:59:36","usrpb","Brown University","US-RPB-ms-1d-f1.xml","Education"
"2010-09-02 15:06:35","usrpb","Brown University","US-RPB-ms-1u-c4.xml","Rhode Island/Local Interest"
"2010-09-02 15:06:35","usrpb","Brown University","US-RPB-ms-1u-c4.xml","Education"
"2010-09-02 15:07:53","usrpb","Brown University","US-RPB-ms2010.025.xml","Government, Politics and Law"
"2010-09-02 15:10:05","usrpb","Brown University","US-RPB-ms82.4.xml","Language and Literature"
"2011-08-17 13:55:34","usrpb","Brown University","US-RPB-ms89.16.xml","Race, Ethnicity and Gender"
"2011-08-17 13:55:34","usrpb","Brown University","US-RPB-ms89.16.xml","Social Life and Customs"
"2010-09-02 15:14:30","usrpb","Brown University","US-RPB-ms2010.026.xml","Language and Literature"
"2010-09-02 15:17:23","usrpb","Brown University","US-RPB-ms2009.008.xml","Language and Literature"
"2010-09-02 15:23:30","usrpb","Brown University","US-RPB-ms91.20.xml","Rhode Island/Local Interest"
"2010-09-02 15:24:35","usrpb","Brown University","US-RPB-ms2010.019.xml","Language and Literature"
"2013-01-15 16:27:21","usrpb","Brown University","US-RPB-ms2009.001.xml","Language and Literature"
"2010-09-02 15:27:25","usrpb","Brown University","US-RPB-ms2010.036.xml","Language and Literature"
"2010-09-02 15:28:29","usrpb","Brown University","US-RPB-ms89.1.xml","Rhode Island/Local Interest"
"2012-03-22 09:43:52","usrpb","Brown University","US-RPB-ms90.1.xml","Health and Medicine"
"2010-09-02 15:33:41","usrpb","Brown University","US-RPB-ms89.18.xml","Language and Literature"
"2010-09-02 15:34:40","usrpb","Brown University","US-RPB-ms2010.011.xml","Language and Literature"
"2012-08-27 16:34:45","usrpb","Brown University","US-RPB-ms2010.033.xml","Architecture"
"2010-09-02 15:37:35","usrpb","Brown University","US-RPB-ms92.12.xml","Performing Arts"
"2010-09-02 15:39:09","usrpb","Brown University","US-RPB-ms2008.005.xml","Performing Arts"
"2010-09-02 15:40:07","usrpb","Brown University","US-RPB-ms-1u-m5.xml","Education"
"2010-09-02 15:44:28","usrpb","Brown University","US-RPB-ms89.22.xml","Rhode Island/Local Interest"
"2012-05-07 13:14:55","usrpb","Brown University","US-RPB-ms2010.014.xml","Language and Literature"
"2010-09-02 15:46:22","usrpb","Brown University","US-RPB-ms-1l-r1.xml","Education"
"2013-02-25 15:49:07","usrpb","Brown University","US-RPB-ms2009.017.xml","Race, Ethnicity and Gender"
"2013-06-19 12:11:03","usrpb","Brown University","US-RPB-ms90.7.xml","Rhode Island/Local Interest"
"2010-09-02 15:50:37","usrpb","Brown University","US-RPB-ms2010.029.xml","Language and Literature"
"2010-09-02 15:56:45","usrpb","Brown University","US-RPB-ms89.19.xml","Language and Literature"
"2010-09-02 15:58:40","usrpb","Brown University","US-RPB-ms81.6.xml","Language and Literature"
"2012-11-26 15:12:04","usrpb","Brown University","US-RPB-ms2010.031.xml","Language and Literature"
"2012-10-17 10:58:57","usrwe","Westerly Public Library","US-RWe-MWB01.xml","Language and Literature"
"2012-10-17 10:59:01","usrwe","Westerly Public Library","US-RWe-msGR01.xml","Business"
"2010-09-09 12:56:46","usrpb","Brown University","US-RPB-ms-1u-b6.xml","Government, Politics and Law"
"2010-09-23 10:33:17","usrpd","Rhode Island School of Design","US-RPD-01.09.01.xml","Education"
"2010-09-23 10:31:33","usrpd","Rhode Island School of Design","US-RPD-08.04.xml","Art"
"2010-09-23 10:31:33","usrpd","Rhode Island School of Design","US-RPD-08.04.xml","Education"
"2010-09-15 11:41:23","usrun","University of Rhode Island","US-RUn-rcg176.xml","Race, Ethnicity and Gender"
"2010-09-15 11:42:46","usrun","University of Rhode Island","US-RUn-rcg1.1.xml","Rhode Island/Local Interest"
"2010-09-15 11:42:46","usrun","University of Rhode Island","US-RUn-rcg1.1.xml","Education"
"2010-09-15 11:45:42","usrun","University of Rhode Island","US-RUn-rcg1.12.xml","Rhode Island/Local Interest"
"2010-09-15 11:45:42","usrun","University of Rhode Island","US-RUn-rcg1.12.xml","Education"
"2010-09-15 11:46:39","usrun","University of Rhode Island","US-RUn-rcg1.10.xml","Rhode Island/Local Interest"
"2010-09-15 11:46:39","usrun","University of Rhode Island","US-RUn-rcg1.10.xml","Education"
"2010-09-15 11:47:15","usrun","University of Rhode Island","US-RUn-rcg1.8.xml","Rhode Island/Local Interest"
"2010-09-15 11:58:36","usrun","University of Rhode Island","US-RUn-msg78.xml","Business"
"2010-09-15 11:58:36","usrun","University of Rhode Island","US-RUn-msg78.xml","Social Life and Customs"
"2010-09-15 11:58:36","usrun","University of Rhode Island","US-RUn-msg78.xml","Government, Politics and Law"
"2012-06-01 09:01:22","usrpd","Rhode Island School of Design","US-RPD-02.01.7.xml","Education"
"2013-03-11 11:46:21","usrpd","Rhode Island School of Design","US-RPD-02.01.8.xml","Education"
"2010-09-23 10:38:55","usrpd","Rhode Island School of Design","US-RPD-02.07.1.xml","Art"
"2010-09-23 10:38:55","usrpd","Rhode Island School of Design","US-RPD-02.07.1.xml","Education"
"2010-09-23 10:39:58","usrpd","Rhode Island School of Design","US-RPD-02.09.xml","Education"
"2010-09-23 10:41:02","usrpd","Rhode Island School of Design","US-RPD-4.0.xml","Education"
"2010-09-23 10:43:55","usrpd","Rhode Island School of Design","US-RPD-08.01.xml","Art"
"2010-09-23 10:43:55","usrpd","Rhode Island School of Design","US-RPD-08.01.xml","Education"
"2010-09-21 12:15:03","usrpb","Brown University","US-RPB-msswinnerton.xml","Business"
"2010-09-21 12:19:32","usrpb","Brown University","US-RPB-ms2009.004.xml","Government, Politics and Law"
"2010-09-21 12:20:27","usrpb","Brown University","US-RPB-ms2010.032.xml","Language and Literature"
"2010-09-21 12:21:07","usrpb","Brown University","US-RPB-ms.2010.024.xml","Language and Literature"
"2010-09-21 12:22:09","usrpb","Brown University","US-RPB-ms2010.018.xml","Government, Politics and Law"
"2012-02-23 09:44:40","usrpb","Brown University","US-RPB-ms2010.028.xml","Language and Literature"
"2013-01-22 12:24:02","usrpb","Brown University","US-RPB-ms2005.34.xml","Rhode Island/Local Interest"
"2012-07-10 12:18:39","usrpb","Brown University","US-RPB-ms90.18.xml","Rhode Island/Local Interest"
"2010-09-23 10:42:30","usrpd","Rhode Island School of Design","US-RPD-5.0.xml","Business"
"2010-09-23 10:42:30","usrpd","Rhode Island School of Design","US-RPD-5.0.xml","Education"
"2012-09-04 09:40:50","usrpd","Rhode Island School of Design","US-RPD-08.05.xml","Education"
"2012-09-04 09:40:50","usrpd","Rhode Island School of Design","US-RPD-08.05.xml","Art"
"2010-09-23 10:47:02","usrpd","Rhode Island School of Design","US-RPD-08.06.xml","Education"
"2010-09-23 10:47:58","usrpd","Rhode Island School of Design","US-RPD-10.1.xml","Education"
"2010-09-23 10:49:29","usrpd","Rhode Island School of Design","US-RPD-10.02.1.xml","Art"
"2010-09-23 10:49:29","usrpd","Rhode Island School of Design","US-RPD-10.02.1.xml","Education"
"2010-09-23 10:50:47","usrpd","Rhode Island School of Design","US-RPD-10.02.2.xml","Education"
"2010-09-23 10:52:03","usrpd","Rhode Island School of Design","US-RPD-10.02.3.xml","Art"
"2010-09-23 10:52:03","usrpd","Rhode Island School of Design","US-RPD-10.02.3.xml","Education"
"2010-09-22 13:40:26","usrpd","Rhode Island School of Design","US-RPD-10.02.4.xml","Education"
"2010-09-22 13:40:26","usrpd","Rhode Island School of Design","US-RPD-10.02.4.xml","Art"
"2010-09-23 10:53:18","usrpd","Rhode Island School of Design","US-RPD-16.1.xml","Art"
"2010-09-23 10:53:18","usrpd","Rhode Island School of Design","US-RPD-16.1.xml","Education"
"2010-09-23 10:54:33","usrpd","Rhode Island School of Design","US-RPD-26.1.xml","Rhode
                    Island/Local Interest"
"2010-09-23 10:54:33","usrpd","Rhode Island School of Design","US-RPD-26.1.xml","Education"
"2010-09-23 10:55:41","usrpd","Rhode Island School of Design","US-RPD-26.2.xml","Rhode
                    Island/Local Interest"
"2010-09-23 10:55:41","usrpd","Rhode Island School of Design","US-RPD-26.2.xml","Education"
"2010-09-23 11:29:56","usrpd","Rhode Island School of Design","US-RPD-sp2.0.xml","Education"
"2010-09-23 16:11:59","usrhi","Rhode Island Historical Society","US-RHi-mss333.xml","Business"
"2010-09-23 16:13:17","usrpd","Rhode Island School of Design","US-RPD-sp1.0.xml","Education"
"2010-09-23 16:13:17","usrpd","Rhode Island School of Design","US-RPD-sp1.0.xml","Art"
"2010-09-23 16:30:10","usrhi","Rhode Island Historical Society","US-RHi-mss231sg1.xml","Government, Politics and Law"
"2010-10-01 16:45:13","usrhi","Rhode Island Historical Society","US-RHi-mss309.xml","Business"
"2012-11-16 11:21:05","usrpd","Rhode Island School of Design","US-RPD-23.1.2.xml","Art"
"2010-09-24 13:10:25","usrhi","Rhode Island Historical Society","US-RHi-mss312.xml","Rhode Island/Local Interest"
"2010-09-24 16:25:34","usrpb","Brown University","US-RPB-ms2010.003.xml","Social Life and Customs"
"2010-09-27 10:11:23","usrpd","Rhode Island School of Design","US-RPD-28.3.xml","Art"
"2010-09-28 14:32:29","usrpd","Rhode Island School of Design","US-RPD-01.01.xml","Education"
"2010-09-27 15:50:06","usrpd","Rhode Island School of Design","US-RPD-01.02.xml","Education"
"2010-11-08 11:39:38","usrpb","Brown University","US-RPB-ms2009.014.xml","Race, Ethnicity and Gender"
"2010-11-08 11:39:38","usrpb","Brown University","US-RPB-ms2010.039.xml","Race, Ethnicity and Gender"
"2010-09-29 15:01:38","usrpb","Brown University","US-RPB-ms2010.40.xml","Race, Ethnicity and Gender"
"2010-10-01 16:38:03","usrhi","Rhode Island Historical Society","US-RHi-mss310.xml","Rhode Island/Local Interest"
"2010-10-13 10:47:24","usrun","University of Rhode Island","US-RUn-msg145.xml","Language and Literature"
"2010-10-13 13:38:51","usrun","University of Rhode Island","US-RUn-msg216.xml","Art"
"2010-10-27 14:21:33","usrpjcb","John Carter Brown Library","US-RPJCB-msscarter.xml","Rhode Island/Local Interest"
"2010-10-27 14:21:33","usrpjcb","John Carter Brown Library","US-RPJCB-msscarter.xml","Social Life and Customs"
"2010-10-27 14:21:33","usrpjcb","John Carter Brown Library","US-RPJCB-msscarter.xml","Maritime"
"2010-11-08 11:39:38","usrpb","Brown University","US-RPB-ms2010.041.xml","Immigration"
"2010-11-08 11:39:38","usrpb","Brown University","US-RPB-ms2010.040.xml","Race, Ethnicity and Gender"
"2010-11-08 11:31:42","usrpb","Brown University","US-RPB-ms2010.044.xml","Race, Ethnicity and Gender"
"2011-08-22 14:54:54","usrpb","Brown University","US-RPB-ms2008.008.xml","Health and Medicine"
"2012-02-15 15:04:27","usrnsru","Salve Regina University","US-RNSRU-RG3.1.2.xml","Education"
"2012-02-15 15:04:27","usrnsru","Salve Regina University","US-RNSRU-RG3.1.1.xml","Education"
"2010-12-03 11:28:47","usrpb","Brown University","US-RPB-ms2010.006.xml","Race, Ethnicity and Gender"
"2010-12-08 15:00:07","usrun","University of Rhode Island","US-RUn-msg71.3.xml","Government, Politics and Law"
"2010-12-13 13:58:41","usrar","Rhode Island State Archives","US-R-Ar-2010-25.xml","Government, Politics and Law"
"2011-05-26 13:30:37","usrun","University of Rhode Island","US-RUn-rcg1.3.xml","Education"
"2011-01-11 10:34:15","usrpb","Brown University","US-RPB-ms2009.006.xml","Religion"
"2011-01-26 10:49:25","usrun","University of Rhode Island","US-RUn-rcg1.11.xml","Rhode Island/Local Interest"
"2011-02-08 11:07:55","usrun","University of Rhode Island","US-RUn-rcg1.9.xml","Rhode Island/Local Interest"
"2011-02-12 14:20:49","usrhi","Rhode Island Historical Society","US-RHi-mss390.xml","Maritime"
"2011-02-15 10:04:49","usrpb","Brown University","US-RPB-ms2010.045.xml","Race, Ethnicity and Gender"
"2011-02-16 11:55:20","usrun","University of Rhode Island","US-RUn-msg220.xml","Religion"
"2011-02-23 14:12:55","usrun","University of Rhode Island","US-RUn-rcg3.1.xml","Rhode Island/Local Interest"
"2011-03-17 12:43:49","usrpb","Brown University","US-RPB-ms.2007.012.xml","Rhode Island/Local Interest"
"2011-03-30 10:07:42","usrhi","Rhode Island Historical Society","US-RHi-mss343.xml","Rhode Island/Local Interest"
"2011-03-30 10:07:42","usrhi","Rhode Island Historical Society","US-RHi-mss343.xml","Health and Medicine"
"2011-11-17 15:55:42","usrpb","Brown University","US-RPB-ms2010.043.xml","Race, Ethnicity and Gender"
"2012-06-08 11:04:07","usrbrrw","Roger Williams University","US-RBrRW-UA2011.01.xml","Education"
"2011-05-11 10:27:46","usrhi","Rhode Island Historical Society","US-RHi-mss426.xml","Rhode Island/Local Interest"
"2011-05-18 12:35:03","usrun","University of Rhode Island","US-RUn-rcg1.xml","Rhode Island/Local Interest"
"2011-05-18 12:35:03","usrun","University of Rhode Island","US-RUn-rcg1.xml","Education"
"2011-05-24 13:21:35","usrun","University of Rhode Island","US-RUn-rcg1.4.xml","Education"
"2011-05-26 13:30:55","usrun","University of Rhode Island","US-RUn-rcg1.6.xml","Education"
"2013-05-17 10:55:44","usrhi","Rhode Island Historical Society","US-RHi-mss948.xml","Rhode Island/Local Interest"
"2011-06-01 09:47:25","usrhi","Rhode Island Historical Society","US-RHi-mss395.xml","Rhode Island/Local Interest"
"2011-06-01 09:50:55","usrhi","Rhode Island Historical Society","US-RHi-mss369.xml","Rhode Island/Local Interest"
"2013-05-23 16:09:17","usrhi","Rhode Island Historical Society","US-RHi-mss642.xml","Rhode Island/Local Interest"
"2012-02-15 13:13:39","usrpb","Brown University","US-RPB-ms2011.004.xml","Rhode Island/Local Interest"
"2011-09-27 16:39:29","usrpb","Brown University","US-RPB-ms2009.009.xml","Government, Politics and Law"
"2011-09-27 16:39:29","usrpb","Brown University","US-RPB-ms2009.009.xml","Rhode Island/Local Interest"
"2012-01-11 13:12:43","usrpb","Brown University","US-RPB-ms2010.046.xml","Language and Literature"
"2011-09-20 11:02:22","usrun","University of Rhode Island","US-RUn-rcg1.13.xml","Rhode Island/Local Interest"
"2011-09-20 15:16:29","usrpb","Brown University","US-RPB-ms2010.002.xml","Health and Medicine"
"2013-01-15 16:27:21","usrpb","Brown University","US-RPB-ms2010.010.xml","Government, Politics and Law"
"2011-10-17 11:49:58","usrpb","Brown University","US-RPB-ms78.12.xml","Religion"
"2012-04-24 11:17:52","usrbrrw","Roger Williams University","US-RBrRW-UA2009.002.xml","Rhode Island/Local Interest"
"2013-04-25 09:49:37","usrpb","Brown University","US-RPB-ms80.3.xml","Rhode Island/Local Interest"
"2011-12-01 15:48:41","usrun","University of Rhode Island","US-RUn-rcg112.xml","Education"
"2011-12-01 15:48:42","usrun","University of Rhode Island","US-RUn-msg170.xml","Rhode Island/Local Interest"
"2011-12-01 15:48:42","usrun","University of Rhode Island","US-RUn-msg170.xml","Education"
"2011-12-01 15:48:42","usrun","University of Rhode Island","US-RUn-msg170.xml","Business"
"2011-12-01 15:48:42","usrun","University of Rhode Island","US-RUn-msg42.xml","Rhode Island/Local Interest"
"2011-12-01 15:48:42","usrun","University of Rhode Island","US-RUn-msg42.xml","Education"
"2011-12-01 15:48:42","usrun","University of Rhode Island","US-RUn-msg59.xml","Rhode Island/Local Interest"
"2011-12-01 15:48:42","usrun","University of Rhode Island","US-RUn-msg59.xml","Education"
"2013-03-08 16:18:39","USRPPC","Providence College","US-RPPC-pmjohnson.xml","Language and Literature"
"2012-02-21 11:46:23","usrppc","Providence College","US-RPPC-mcglynn.xml","Art"
"2012-02-17 13:18:23","usrppc","Providence College","US-RPPC-urbanleague.xml","Race, Ethnicity and Gender"
"2012-02-17 13:18:23","usrppc","Providence College","US-RPPC-whittier.xml","Language and Literature"
"2011-12-07 11:42:55","usrppc","Providence College","US-RPPC-higgins.xml","Government, Politics and Law"
"2012-01-02 12:52:51","usrpb","Brown University","US-RPB-ms2007.031.xml","Language and Literature"
"2012-01-02 12:52:51","usrpb","Brown University","US-RPB-ms2007.031.xml","Performing Arts"
"2012-01-11 13:13:40","usrpb","Brown University","US-RPB-ms2011.043.xml","Government, Politics and Law"
"2012-01-25 10:25:03","Usrnk","North Kingstown Free Library","US-RNk-msg1.xml","Business"
"2012-02-01 14:01:37","Usrnhi","Newport Historical Society","US-RNHi-ms-2011-1.xml","Social Life and Customs"
"2012-02-01 14:01:37","Usrnhi","Newport Historical Society","US-RNHi-ms-2011-1.xml","Government, Politics and Law"
"2012-02-01 14:01:37","Usrnhi","Newport Historical Society","US-RNHi-ms-2011-1.xml","Business"
"2012-02-01 14:01:37","Usrnhi","Newport Historical Society","US-RNHi-ms-2011-1.xml","Language and Literature"
"2012-02-01 11:48:08","Usrnhi","Newport Historical Society","US-RNHi-ms-2012-1.xml","Maritime"
"2012-02-01 11:48:08","Usrnhi","Newport Historical Society","US-RNHi-ms-2012-1.xml","Business"
"2012-02-03 08:23:48","Usrnhi","Newport Historical Society","US-RNHi-ms2012.2.xml","Race, Ethnicity and Gender"
"2012-02-03 08:23:48","Usrnhi","Newport Historical Society","US-RNHi-ms2012.2.xml","Rhode Island/Local Interest"
"2012-02-17 13:18:23","usrppc","Providence College","US-RPPC_naacp.xml","Race, Ethnicity and Gender"
"2012-02-23 11:11:24","Usrnhi","Newport Historical Society","US-RNHi-ms2011.2.xml","Rhode Island/Local Interest"
"2012-02-23 11:11:24","Usrnhi","Newport Historical Society","US-RNHi-ms2011.2.xml","Social Life and Customs"
"2012-02-23 12:12:22","Usrnhi","Newport Historical Society","US-RNHi-ms2012.3.xml","Art"
"2012-02-23 15:41:35","usrpb","Brown University","US-RPB-ms2011.045.xml","Government, Politics and Law"
"2012-03-23 09:45:35","usrpb","Brown University","US-RPB-ms2011.022.xml","Race, Ethnicity and Gender"
"2012-03-08 16:02:13","usrpb","Brown University","US-RPB-ms2011.044.xml","Rhode Island/Local Interest"
"2012-03-08 16:38:25","usrpb","Brown University","US-RPB-ms90.17.xml","Rhode Island/Local Interest"
"2013-01-15 15:58:52","usrpb","Brown University","US-RPB-ms2011.037.xml","Health and Medicine"
"2013-01-24 17:32:08","usrpb","Brown University","US-RPB-ms2005.025.xml","Language and Literature"
"2013-01-15 15:58:52","usrpb","Brown University","US-RPB-ms2011.034.xml","Performing Arts"
"2012-03-30 14:55:44","usrbrrw","Roger Williams University","US-RBrRW-UA 2012.01.xml","Education"
"2012-04-11 08:49:18","usrbrrw","Roger Williams University","US-RBrRW-UA2012.02.xml","Rhode Island/Local Interest"
"2013-01-15 15:58:51","usrpb","Brown University","US-RPB-ms2012.005.xml","Performing Arts"
"2012-04-05 10:10:23","usrbrrw","Roger Williams University","US-RBrRW-UA2012.03.xml","Education"
"2013-01-25 12:49:42","usrpb","Brown University","US-RPB-ms2011.014.xml","Education"
"2012-05-01 12:23:12","usrbrrw","Roger Williams University","US-RBrRW-UA2012.01.xml","Education"
"2012-05-03 15:28:37","usrpb","Brown University","US-RPB-ms-1uf-s4.xml","Education"
"2012-05-10 14:46:00","usrnn","Naval War College","US-RNN-msg242.xml","Military"
"2012-05-11 11:33:04","usrpb","Brown University","US-RPB-ms2007.012.xml","Rhode Island/Local Interest"
"2012-05-24 13:12:32","usrpd","Rhode Island School of Design","US-RPD-23.1.1.xml","Art"
"2012-05-24 15:09:06","usrpd","Rhode Island School of Design","US-RPD-07.02.2.1.xml","Education"
"2012-05-30 09:42:51","usrpb","Brown University","US-RPB-ms2010.023.xml","Language and Literature"
"2012-06-18 13:26:29","usrnn","Naval War College","US-RNN-msg146.xml","Military"
"2012-06-18 13:31:30","usrnn","Naval War College","US-RNN-msg16.xml","Military"
"2012-06-18 13:41:33","usrnn","Naval War College","US-RNN-msg1.xml","Military"
"2012-06-19 13:06:33","usrnn","Naval War College","US-RNN-msg2.xml","Military"
"2012-08-24 09:06:50","usrnhi","Newport Historical Society","US-RNHi-MS2012.33.xml","Social Life and Customs"
"2012-08-24 09:06:50","usrnhi","Newport Historical Society","US-RNHi-MS2012.33.xml","Business"
"2012-08-24 09:06:50","usrnhi","Newport Historical Society","US-RNHi-MS2012.33.xml","Art"
"2013-01-15 15:58:48","usrpb","Brown University","US-RPB-msrussell.xml","Government, Politics and Law"
"2012-09-10 09:14:47","usrpd","Rhode Island School of Design","US-RPD-02.01.06.xml","Art"
"2013-01-15 15:58:52","usrpb","Brown University","US-RPB-ms2011.018.xml"," Religion"
"2013-01-15 16:27:21","usrpb","Brown University","US-RPB-ms2011.007.xml","Education"
"2012-10-05 10:15:55","usrbrrw","Roger Williams University","US-RBrRW-UA2009.001.xml","Education"
"2012-10-05 10:15:55","usrbrrw","Roger Williams University","US-RBrRW-UA2010.07.xml","Education"
"2012-10-11 07:46:27","Usrnhi","Newport Historical Society","US-RNHi-ms2012.34.xml","Social Life and Customs"
"2012-10-24 12:42:02","usrpb","Brown University","US-RPB-ms2010.042.xml","Race, Ethnicity and Gender"
"2013-01-15 15:58:52","usrpb","Brown University","US-RPB-ms2007.011.xml","Rhode Island/Local Interest"
"2012-11-26 16:20:22","usrpb","Brown University","US-RPB-ms.89.15.xml","Language and Literature"
"2012-11-26 16:23:54","usrpb","Brown University","US-RPB-ms89.15.xml","Language and Literature"
"2013-01-15 16:27:21","usrpb","Brown University","US-RPB-of1ZCO.1.xml","Education"
"2013-01-15 16:27:21","usrpb","Brown University","US-RPB-ms2012.032.xml","Language and Literature"
"2013-01-15 15:58:51","usrpb","Brown University","US-RPB-msatwood.xml","Religion"
"2013-01-15 15:58:51","usrpb","Brown University","US-RPB-msatwood.xml","Education"
"2012-12-06 10:41:38","usrpb","Brown University","US-RPB-ms2008.025.xml","Health and Medicine"
"2013-01-15 15:58:52","usrpb","Brown University","US-RPB-ms2008.024.xml","Social Life and Customs"
"2013-01-15 16:27:21","usrpb","Brown University","US-RPB-of1QT1.xml","Performing Arts"
"2013-01-22 12:14:28","usrpb","Brown University","US-RPB-mslovecraft.xml","Language and Literature"
"2013-01-15 15:58:53","usrpb","Brown University","US-RPB-ms-1c-10.xml","Education"
"2013-01-15 15:58:52","usrpb","Brown University","US-RPB-ms2007.009.xml","Religion"
"2013-01-15 15:58:53","usrpb","Brown University","US-RPB-ms-1uf-b5.xml","Education"
"2013-04-01 11:53:07","usrnsru","Salve Regina University","US-RNSRU-RG7.1.2.xml","Education"
"2013-01-22 13:34:11","usrpb","Brown University","US-RPB-ms1U.G5.xml","Government, Politics and Law"
"2013-01-15 15:58:48","usrpb","Brown University","US-RPB-ms97.3.xml","Rhode Island/Local Interest"
"2013-01-22 12:27:05","usrpb","Brown University","US-RPB-ua2010.12.30.xml","Education"
"2013-01-15 15:58:48","usrpb","Brown University","US-RPB-of1UF.S7.xml","Education"
"2013-01-09 12:35:09","usrpb","Brown University","US-RPB-ms2010.005.xml","Art"
"2013-01-15 15:58:52","usrpb","Brown University","US-RPB-ms2007.006.xml","Rhode Island/Local Interest"
"2013-01-15 16:27:21","usrpb","Brown University","US-RPB-ms92.8.xml","Language and Literature"
"2013-01-15 15:58:53","usrpb","Brown University","US-RPB-ms-1e-3.xml","Military"
"2013-01-15 15:11:45","usrpb","Brown University","US-RPB-of1B.5zp.xml","Education"
"2013-01-15 13:23:38","usrpb","Brown University","US-RPB-ms2012.031.xml","Rhode Island/Local Interest"
"2013-01-16 15:05:42","usrpb","Brown University","US-RPB-of1B.2.xml","Education"
"2013-01-17 11:53:53","usrpb","Brown University","US-RPB-OF.1ZM.1","Education"
"2013-01-17 11:53:53","usrpb","Brown University","US-RPB-ms-OF.1ZM.1.xml","Education"
"2013-01-31 13:01:42","usrpb","Brown University","US-RPB-OF.1ZM.1.xml","Education"
"2013-01-18 11:23:50","usrpb","Brown University","US-RPB-ms1U.L4.xml","Language and Literature"
"2013-01-18 11:52:03","usrpb","Brown University","US-RPB-ms1UF.H1.xml","Education"
"2013-01-18 12:22:38","usrpb","Brown University","US-RPB-of1X.1.xml","Education"
"2013-01-18 16:05:03","usrpb","Brown University","US-RPB-ms1C.3.xml","Education"
"2013-01-18 16:02:36","usrpb","Brown University","US-RPB-of1UF.K1.xml","Science and Technology"
"2013-01-18 16:59:37","usrpb","Brown University","US-RPB-of1UF.L2.xml","Education"
"2013-01-23 12:42:53","usrpb","Brown University","US-RPB-of-1x-8.xml","Education"
"2013-01-22 19:47:47","usrpb","Brown University","US-RPB-of1ZC.1.xml","Religion"
"2013-01-23 10:22:07","usrpb","Brown University","US-RPB-ms1UD2.xml","Education"
"2013-01-23 10:39:00","usrpb","Brown University","US-RPB-msdickerman.xml","Education"
"2013-01-23 11:02:40","usrpb","Brown University","US-RPB-ms1UF.F1.xml","Education"
"2013-01-23 11:11:26","usrpb","Brown University","US-RPB-ms1C.0.xml","Education"
"2013-01-23 11:29:29","usrpb","Brown University","US-RPB-ms1C.9.xml","Education"
"2013-01-23 11:52:55","usrpb","Brown University","US-RPB-ms1D.R1.xml","Education"
"2013-01-23 12:03:31","usrpb","Brown University","US-RPB-ms1D.R2.xml","Education"
"2013-01-23 12:12:11","usrpb","Brown University","US-RPB-ms1D.R3.xml","Education"
"2013-01-23 12:25:00","usrpb","Brown University","US-RPB-ms1D.S2.xml","Education"
"2013-01-23 12:36:01","usrpb","Brown University","US-RPB-ms1D.T2.xml","Education"
"2013-01-23 12:48:07","usrpb","Brown University","US-RPB-ms1E.4.xml","Education"
"2013-01-23 14:22:50","usrpb","Brown University","US-RPB-ms78.8.xml","Language and Literature"
"2013-01-23 14:45:47","usrpb","Brown University","US-RPB-ms1I.4.xml","Education"
"2013-01-23 15:36:36","usrpb","Brown University","US-RPB-of1B.1.xml","Education"
"2013-01-23 15:37:15","usrpb","Brown University","US-RPB-of1C.16.xml","Education"
"2013-01-23 15:52:20","usrpb","Brown University","US-RPB-of1B.4zp.xml","Education"
"2013-01-23 16:05:29","usrpb","Brown University","US-RPB-ms1MS.ZS1.xml","Education"
"2013-01-23 16:27:14","usrpb","Brown University","US-RPB-ms1N.2.xml","Education"
"2013-01-23 17:05:00","usrpb","Brown University","US-RPB-ms1UF.P1.xml","Education"
"2013-01-23 17:10:35","usrpb","Brown University","US-RPB-ms-1c-1.xml","Rhode
                    Island/Local Interest"
"2013-01-23 17:18:05","usrpb","Brown University","US-RPB-ms1UF.S2.xml","Education"
"2013-01-23 17:34:04","usrpb","Brown University","US-RPB-ms1UF.S5.xml","Education"
"2013-01-23 17:45:38","usrpb","Brown University","US-RPB-ms1E.9.xml","Education"
"2013-01-30 17:49:14","usrpb","Brown University","US-RPB-ms1L.4.xml","Education"
"2013-01-30 17:53:25","usrpb","Brown University","US-RPB-ms1LS.1.xml","Social Life and Customs"
"2013-01-30 17:55:30","usrpb","Brown University","US-RPB-ms1MS.G1.xml","Education"
"2013-01-23 18:13:10","usrpb","Brown University","US-RPB-ms1MS.G2.xml","Education"
"2013-01-23 18:23:52","usrpb","Brown University","US-RPB-ms1MS.S2.xml","Education"
"2013-01-23 18:33:07","usrpb","Brown University","US-RPB-ms1MS.S1.xml","Education"
"2013-01-23 18:35:24","usrpb","Brown University","US-RPB-ms1MS.W1.xml","Education"
"2013-01-23 18:43:09","usrpb","Brown University","US-RPB-ms1MS.ZS2.xml","Education"
"2013-01-23 18:49:41","usrpb","Brown University","US-RPB-ms1N.E1.xml","Education"
"2013-01-23 18:56:09","usrpb","Brown University","US-RPB-ms1U.S5.xml","Education"
"2013-01-23 19:07:48","usrpb","Brown University","US-RPB-ms1UF.B4.xml","Education"
"2013-01-23 19:15:32","usrpb","Brown University","US-RPB-ms1UF.G4.xml","Education"
"2013-01-24 09:53:39","usrpb","Brown University","US-RPB-of1UF.B2.xml","Education"
"2013-01-24 15:24:51","usrpb","Brown University","US-RPB-ms2007.033.xml","Health and Medicine"
"2013-01-24 15:44:04","usrpb","Brown University","US-RPB-of1S.6.xml","Education"
"2013-01-24 17:21:46","usrpb","Brown University","US-RPB-ms2005.15.xml","Language and Literature"
"2013-01-24 17:25:25","usrpb","Brown University","US-RPB-ms2002.002.xml","Language and Literature"
"2013-08-07 15:38:24","usrpb","Brown University","US-RPB-ms2003.001.xml","Language and Literature"
"2013-08-21 12:24:57","usrpb","Brown University","US-RPB-ms2005.014.xml","Education"
"2013-07-11 09:34:08","usrpd","Rhode Island School of Design","US-RPD-10.2.9.xml","Art"
"2013-01-25 12:23:22","usrpb","Brown University","US-RPB-ms2007.010.xml","Rhode Island/Local Interest"
"2013-01-25 12:49:42","usrpb","Brown University","US-RPB-ms2011.028.xml","Health and Medicine"
"2013-01-25 12:49:42","usrpb","Brown University","US-RPB-ms2011.011.xml","Government, Politics and Law"
"2013-05-09 21:03:04","usrpb","Brown University","US-RPB-of1X.2.xml","Education"
"2013-01-25 12:49:42","usrpb","Brown University","US-RPB-ms2011.042.xml","Government, Politics and Law"
"2013-01-25 12:49:42","usrpb","Brown University","US-RPB-ms2011.025.xml","Language and Literature"
"2013-01-25 12:49:42","usrpb","Brown University","US-RPB-ms2011.016.xml","Education"
"2013-01-25 12:49:42","usrpb","Brown University","US-RPB-ms2011.015.xml","Social Life and Customs"
"2013-01-25 12:49:42","usrpb","Brown University","US-RPB-ms2011.013.xml","Govermnent, Politics and Law"
"2013-01-25 12:49:42","usrpb","Brown University","US-RPB-ms2011.012.xml","Education"
"2013-01-25 12:49:42","usrpb","Brown University","US-RPB-ms2011.010.xml","Religion"
"2013-01-25 13:06:05","usrpb","Brown University","US-RPB-ms2011.032.xml","Language and Literature"
"2013-01-29 10:59:14","usrpb","Brown University","US-RPB-msbuchan.xml","Education"
"2013-01-30 12:28:50","usrpb","Brown University","US-RPB-ms2006.03.xml","Military"
"2013-01-30 14:48:28","usrpb","Brown University","US-RPB-ms2012.006.xml","Education"
"2013-01-31 11:08:08","usrpb","Brown University","US-RPB-mscameron.xml","Military"
"2013-05-09 18:42:44","usrpb","Brown University","US-RPB-of1S.9.xml","Education"
"2013-01-31 12:53:25","usrpb","Brown University","US-RPB-ms2012.013.xml","Language and Literature"
"2013-01-31 15:20:42","usrpb","Brown University","US-RPB-ms-1u-c8.xml","Government, Politics and Law"
"2013-02-01 13:38:30","usrpb","Brown University","US-RPB-ms95.1.xml","Language and Literature"
"2013-02-01 15:31:59","usrpb","Brown University","US-RPB-ms1UF.U1.xml","Education"
"2013-02-05 12:19:56","usrpb","Brown University","US-RPB-ms2008.019.xml","Military"
"2013-02-07 15:04:02","usrpb","Brown University","US-RPB-ms88.3.xml","Language and Literature"
"2013-02-07 15:33:47","usrpb","Brown University","US-RPB-ms2005.46.xml","Military"
"2013-02-07 16:40:59","usrpb","Brown University","US-RPB-ms2005.72.xml","Rhode Island/Local Interest"
"2013-02-07 17:01:32","usrpb","Brown University","US-RPB-mscutter.xml","Language and Literature"
"2013-02-13 12:26:47","usrpb","Brown University","US-RPB-of1X.17.xml","Education"
"2013-02-15 16:04:07","usrpb","Brown University","US-RPB-ms2011.035.xml","Education"
"2013-02-26 16:00:12","usrpb","Brown University","US-RPB-ms90.6.xml","Race, Ethnicity and Gender"
"2013-02-26 16:00:12","usrpb","Brown University","US-RPB-ms90.6.xml","Education"
"2013-02-27 10:09:33","usrpb","Brown University","US-RPB-msdrowne.xml","Rhode Island/Local Interest"
"2013-02-25 15:40:26","usrpb","Brown University","US-RPB-msfenner.xml","Rhode Island/Local Interest"
"2013-02-25 15:49:07","usrpb","Brown University","US-RPB-ms2009.017.xml","Language and Literature"
"2013-02-25 15:49:07","usrpb","Brown University","US-RPB-ms2009.017.xml","Performing Arts"
"2013-02-25 16:08:18","usrpb","Brown University","US-RPB-ms79.8.xml","Military"
"2013-02-26 10:28:58","usrpb","Brown University","US-RPB-ms-1u-f5.xml","Language and Literature"
"2013-02-26 16:00:12","usrpb","Brown University","US-RPB-ms90.6.xml","Government, Politics and Law"
"2013-03-04 11:39:49","usrpb","Brown University","US-RPB-ms2007.021.xml","Education"
"2013-03-04 11:39:49","usrpb","Brown University","US-RPB-ms2007.021.xml","Government, Politics and Law"
"2013-03-04 12:10:29","usrpb","Brown University","US-RPB-msellsworth.xml","Military"
"2013-03-05 14:44:56","usrpb","Brown University","US-RPB-ms2009.013.xml","Government, Politics and Law"
"2013-03-05 16:58:38","usrpb","Brown University","US-RPB-msdamon.xml","Rhode Island/Local Interest"
"2013-03-08 16:16:42","USRPPC","Providence College","US-RPPC-newspaper.xml","Rhode Island/Local Interest"
"2013-03-08 16:16:42","USRPPC","Providence College","US-RPPC-kennedy.xml","Government, Politics and Law"
"2013-03-08 16:16:42","USRPPC","Providence College","US-RPPC-kellam.xml","Rhode Island/Local Interest"
"2013-03-08 16:16:42","USRPPC","Providence College","US-RPPC-chua.xml","Education"
"2013-03-08 16:16:43","USRPPC","Providence College","US-RPPC-aldrich.xml","Government, Politics and Law"
"2013-03-08 16:16:42","USRPPC","Providence College","US-RPPC-fogarty.xml","Government, Politics and Law"
"2013-03-08 16:16:42","USRPPC","Providence College","US-RPPC-fawcett.xml","Art"
"2013-03-12 11:27:17","usrpb","Brown University","US-RPB-ms2012.017.xml","Military"
"2013-03-12 12:07:45","usrpb","Brown University","US-RPB-of1C.13.xml","Education"
"2013-03-14 15:10:23","usrpb","Brown University","US-RPB-ms2006.04.xml","Rhode Island/Local Interest"
"2013-07-11 14:16:17","usrpb","Brown University","US-RPB-mspowel.xml","Language and Literature"
"2013-03-14 15:48:00","usrpb","Brown University","US-RPB-ms78.7.xml","Rhode Island/Local Interest"
"2013-04-04 11:48:49","usrpb","Brown University","US-RPB-msfuller.xml","Rhode Island/Local Interest"
"2013-03-18 11:40:49","test","Test Institution","test-ms18.6.xml","Politics"
"2013-03-27 09:42:00","usrbrrw","Roger Williams University","US-RBrRW-ua2013.01.xml","Rhode Island/Local Interest"
"2013-03-27 09:42:00","usrbrrw","Roger Williams University","US-RBrRW-ua2013.01.xml","Race, Ethnicity and Gender"
"2013-04-01 11:46:25","usrnsru","Salve Regina University","US-RNSRU-7.1.2.xml","Education"
"2013-04-02 16:18:09","Usrnhi","Newport Historical Society","US-RNHi-ms.fic.2013.6.xml","Rhode Island/Local Interest"
"2013-04-02 16:18:09","Usrnhi","Newport Historical Society","US-RNHi-ms.fic.2013.6.xml","Art"
"2013-04-02 16:18:09","Usrnhi","Newport Historical Society","US-RNHi-ms.fic.2013.6.xml","Government, Politics and Law"
"2013-04-03 12:07:17","Usrnhi","Newport Historical Society","US-RNHi-ms.fic.2013.7.xml","Rhode Island/Local Interest"
"2013-04-03 12:07:17","Usrnhi","Newport Historical Society","US-RNHi-ms.fic.2013.7.xml","Social Life and Customs"
"2013-04-03 12:07:17","Usrnhi","Newport Historical Society","US-RNHi-ms.fic.2013.7.xml","Government, Politics and Law"
"2013-07-22 13:13:26","usrpb","Brown University","US-RPB-ms2008.022.xml","Rhode Island/Local Interest"
"2013-04-04 11:55:59","usrpb","Brown University","US-RPB-ms-1u-g4.xml","Rhode Island/Local Interest"
"2013-04-05 15:58:04","Usrnhi","Newport Historical Society","US-RNHi-ms.2013.5.xml","Education"
"2013-04-05 15:58:04","Usrnhi","Newport Historical Society","US-RNHi-ms.2013.5.xml","Race, Ethnicity and Gender"
"2013-04-05 15:58:04","Usrnhi","Newport Historical Society","US-RNHi-ms.2013.5.xml","Social Life and Customs"
"2013-04-10 16:42:26","usrpb","Brown University","US-RPB-ms2007.016.xml","Rhode Island/Local Interest"
"2013-04-16 15:12:55","usrpb","Brown University","US-RPB-ms2012.018.xml","Religion"
"2013-04-16 16:08:43","usrpb","Brown University","US-RPB-ms2012.010.xml","Religion"
"2013-04-23 09:47:03","usrppc","Providence College","US-RPPC-iaabo84.xml","Social Life and Customs"
"2013-05-01 14:52:03","usrpb","Brown University","US-RPB-ms2011.020.xml","Education"
"2013-05-07 19:06:57","usrpb","Brown University","US-RPB-ms1MS.B1.xml","Education"
"2013-05-07 19:27:35","usrpb","Brown University","US-RPB-of1B.8.xml","Education"
"2013-05-07 19:31:24","usrpb","Brown University","US-RPB-of1Q.T1.xml","Education"
"2013-05-07 19:31:24","usrpb","Brown University","US-RPB-of1Q.T1.xml","Performing Arts"
"2013-05-07 19:34:09","usrpb","Brown University","US-RPB-of1C.14.xml","Education"
"2013-05-07 19:37:46","usrpb","Brown University","US-RPB-ms93.4.xml","Rhode Island/Local Interest"
"2013-05-07 19:46:19","usrpb","Brown University","US-RPB-of1CA.1.xml","Education"
"2013-05-07 19:51:01","usrpb","Brown University","US-RPB-of1CA.2.xml","Education"
"2013-05-07 19:51:01","usrpb","Brown University","US-RPB-of1CA.2.xml","Military"
"2013-05-07 19:55:15","usrpb","Brown University","US-RPB-of1CA.5.xml","Education"
"2013-05-07 19:58:13","usrpb","Brown University","US-RPB-of1CA.A1.xml","Education"
"2013-05-07 20:22:58","usrpb","Brown University","US-RPB-of1CA.A2.xml","Education"
"2013-05-07 20:25:54","usrpb","Brown University","US-RPB-of1CA.B2.xml","Education"
"2013-05-07 20:30:03","usrpb","Brown University","US-RPB-of1CA.D1.xml","Education"
"2013-05-07 20:31:01","usrpb","Brown University","US-RPB-of1CA.E1.xml","Education"
"2013-05-07 20:34:19","usrpb","Brown University","US-RPB-of1CA.L1.xml","Education"
"2013-05-07 20:37:01","usrpb","Brown University","US-RPB-of1CA.M1.xml","Education"
"2013-05-07 20:41:10","usrpb","Brown University","US-RPB-of1CA.L3.xml","Education"
"2013-05-07 20:45:34","usrpb","Brown University","US-RPB-of1CA.M3.xml","Education"
"2013-05-07 20:47:57","usrpb","Brown University","US-RPB-of1CA.R1.xml","Education"
"2013-05-07 20:50:40","usrpb","Brown University","US-RPB-of1CA.S1.xml","Education"
"2013-05-07 20:53:35","usrpb","Brown University","US-RPB-of1CA.W1.xml","Education"
"2013-05-07 20:56:52","usrpb","Brown University","US-RPB-of1CC.1.xml","Education"
"2013-05-07 20:58:48","usrpb","Brown University","US-RPB-of1CC.3.xml","Education"
"2013-05-07 21:02:37","usrpb","Brown University","US-RPB-of1D.6.xml","Education"
"2013-05-07 21:02:37","usrpb","Brown University","US-RPB-of1D.6.xml","Government, Politics and Law"
"2013-05-07 21:04:58","usrpb","Brown University","US-RPB-of1D.C1.xml","Education"
"2013-05-07 21:22:18","usrpb","Brown University","US-RPB-of1D.C2.xml","Education"
"2013-05-07 21:26:46","usrpb","Brown University","US-RPB-of1D.4.xml","Education"
"2013-05-07 21:27:29","usrpb","Brown University","US-RPB-of1D.P1.xml","Education"
"2013-05-07 21:35:45","usrpb","Brown University","US-RPB-of1E.5zp.xml","Education"
"2013-05-07 21:37:49","usrpb","Brown University","US-RPB-of1E.6.xml","Education"
"2013-05-07 21:42:54","usrpb","Brown University","US-RPB-of1E.7.xml","Education"
"2013-05-16 17:00:57","usrhi","Rhode Island Historical Society","US-RHi-mss6sg2.xml","Rhode Island/Local Interest"
"2013-05-08 16:22:09","usrhi","Rhode Island Historical Society","US-RHi-mss315.xml","Rhode Island/Local Interest"
"2013-05-08 16:22:09","usrhi","Rhode Island Historical Society","US-RHi-mss315.xml","Business"
"2013-05-08 16:22:09","usrhi","Rhode Island Historical Society","US-RHi-mss315.xml","Maritime"
"2013-05-08 16:22:09","usrhi","Rhode Island Historical Society","US-RHi-1028.xml","Rhode Island/Local Interest"
"2013-05-08 18:01:55","usrpb","Brown University","US-RPB-of1H.1.xml","Education"
"2013-05-08 18:03:44","usrpb","Brown University","US-RPB-of1H.2.xml","Education"
"2013-05-08 18:05:42","usrpb","Brown University","US-RPB-of1I.1.xml","Education"
"2013-05-08 18:15:08","usrpb","Brown University","US-RPB-of1L.6.xml","Education"
"2013-05-08 18:19:02","usrpb","Brown University","US-RPB-of1L.7.xml","Education"
"2013-05-08 18:30:57","usrpb","Brown University","US-RPB-of1LS.1.xml","Education"
"2013-05-08 18:42:58","usrpb","Brown University","US-RPB-ms93.18.xml","Health and Medicine"
"2013-05-08 18:45:46","usrpb","Brown University","US-RPB-ms90.14.xml","Language and Literature"
"2013-05-08 18:48:16","usrpb","Brown University","US-RPB-ms90.12.xml","Language and Literature"
"2013-05-08 18:50:48","usrpb","Brown University","US-RPB-ms81.3.xml","Education"
"2013-05-08 18:53:29","usrpb","Brown University","US-RPB-ms2012.026.xml","Government, Politics and Law"
"2013-05-08 18:55:59","usrpb","Brown University","US-RPB-ms2012.016.xml","Science and Technology"
"2013-05-08 19:06:00","usrpb","Brown University","US-RPB-ms2012.012.xml","Language and Literature"
"2013-05-08 19:15:17","usrpb","Brown University","US-RPB-of1Q.A1zp.xml","Education"
"2013-05-08 19:21:04","usrpb","Brown University","US-RPB-of1Q.B1.xml","Education"
"2013-05-08 19:27:41","usrpb","Brown University","US-RPB-of1Q.C1.xml","Education"
"2013-05-08 19:35:05","usrpb","Brown University","US-RPB-of1R.1zp.xml","Education"
"2013-05-08 19:53:14","usrpb","Brown University","US-RPB-of1W.D1.xml","Education"
"2013-05-08 20:04:17","usrpb","Brown University","US-RPB-of1S.8zp.xml","Education"
"2013-05-08 20:11:29","usrpb","Brown University","US-RPB-of1UF.B1.xml","Education"
"2013-05-08 20:13:31","usrpb","Brown University","US-RPB-of1UF.B4.xml","Education"
"2013-05-08 20:31:18","usrpb","Brown University","US-RPB-of1UF.C2.xml","Education"
"2013-05-09 11:34:33","usrhi","Rhode Island Historical Society","US-RHi-mss941.xml","Rhode Island/Local Interest"
"2013-05-09 11:34:33","usrhi","Rhode Island Historical Society","US-RHi-mss941.xml","Business"
"2013-05-16 17:00:56","usrhi","Rhode Island Historical Society","US-RHi-mss6sg13.xml","Business"
"2013-05-16 17:00:56","usrhi","Rhode Island Historical Society","US-RHi-mss6sg13.xml","Rhode Island/Local Interest"
"2013-05-16 17:00:57","usrhi","Rhode Island Historical Society","US-RHi-mss6sg12.xml","Business"
"2013-05-16 17:00:57","usrhi","Rhode Island Historical Society","US-RHi-mss6sg1.xml","Business"
"2013-05-09 18:59:55","usrpb","Brown University","US-RPB-of1X.26.xml","Education"
"2013-05-09 18:59:55","usrpb","Brown University","US-RPB-of1ZAF.1.xml","Education"
"2013-05-09 20:25:46","usrpb","Brown University","US-RPB-collPOULIN.xml","Education"
"2013-05-09 20:29:50","usrpb","Brown University","US-RPB-of1UF.C3.xml","Education"
"2013-05-09 20:31:48","usrpb","Brown University","US-RPB-of1UF.D2.xml","Education"
"2013-05-09 20:34:55","usrpb","Brown University","US-RPB-of1UF.D3.xml","Education"
"2013-05-09 20:36:34","usrpb","Brown University","US-RPB-of1UF.G5.xml","Education"
"2013-05-09 20:40:59","usrpb","Brown University","US-RPB-of1UF.G2.xml","Education"
"2013-05-09 20:43:53","usrpb","Brown University","US-RPB-of1UF.L3.xml","Education"
"2013-05-09 20:50:01","usrpb","Brown University","US-RPB-of1UF.R2.xml","Education"
"2013-05-09 20:51:43","usrpb","Brown University","US-RPB-of1UF.S5.xml","Education"
"2013-05-09 20:53:14","usrpb","Brown University","US-RPB-of1UF.V1.xml","Education"
"2013-05-09 20:54:59","usrpb","Brown University","US-RPB-of1X.11.xml","Education"
"2013-05-09 20:56:01","usrpb","Brown University","US-RPB-of1X.12.xml","Education"
"2013-05-09 20:59:27","usrpb","Brown University","US-RPB-of1X.15.xml","Education"
"2013-05-09 21:01:21","usrpb","Brown University","US-RPB-of1x.18.xml","Education"
"2013-05-09 21:05:01","usrpb","Brown University","US-RPB-of1x.20.xml","Education"
"2013-05-09 21:07:27","usrpb","Brown University","US-RPB-of1X.22.xml","Education"
"2013-05-09 21:09:09","usrpb","Brown University","US-RPB-of1X.23.xml","Education"
"2013-05-09 21:13:46","usrpb","Brown University","US-RPB-of1X.31.xml","Education"
"2013-05-09 21:15:39","usrpb","Brown University","US-RPB-of1X.5.xml","Education"
"2013-05-09 21:19:18","usrpb","Brown University","US-RPB-of1ZBM.1.xml","Education"
"2013-05-09 21:42:26","usrpb","Brown University","US-RPB-of1ZGR.12.xml","Education"
"2013-05-09 21:44:25","usrpb","Brown University","US-RPB-of1ZME1.xml","Education"
"2013-05-09 21:45:52","usrpb","Brown University","US-RPB-of1ZME2.xml","Education"
"2013-05-09 21:47:12","usrpb","Brown University","US-RPB-of1ZME3.xml","Education"
"2013-05-09 21:51:16","usrpb","Brown University","US-RPB-of1ZPL.1zp.xml","Education"
"2013-05-09 21:53:56","usrpb","Brown University","US-RPB-of1ZPL.2.xml","Education"
"2013-05-09 21:57:20","usrpb","Brown University","US-RPB-of1ZSE.1.xml","Education"
"2013-05-09 22:01:37","usrpb","Brown University","US-RPB-of1ZU.3.xml","Education"
"2013-05-09 22:02:41","usrpb","Brown University","US-RPB-of1ZU.5zp.xml","Education"
"2013-05-09 22:03:55","usrpb","Brown University","US-RPB-of1ZY.1.xml","Education"
"2013-05-23 16:09:16","usrhi","Rhode Island Historical Society","US-RHi-mss1117.xml","Rhode Island/Local Interest"
"2013-05-23 16:09:16","usrhi","Rhode Island Historical Society","US-RHi-mss1117.xml","Social Life and Customs"
"2013-05-23 16:09:16","usrhi","Rhode Island Historical Society","US-RHi-mss1117.xml","Art"
"2013-07-16 15:29:13","usrhi","Rhode Island Historical Society","US-RHi-mss1079.xml","Social Life and Customs"
"2013-07-16 15:29:13","usrhi","Rhode Island Historical Society","US-RHi-mss1079.xml","Rhode Island/Local Interest"
"2013-05-23 16:09:17","usrhi","Rhode Island Historical Society","US-RHi-mss947.xml","Rhode Island/Local Interest"
"2013-05-23 16:09:17","usrhi","Rhode Island Historical Society","US-RHi-mss642.xml","Social Life and Customs"
"2013-05-23 16:09:17","usrhi","Rhode Island Historical Society","US-RHi-mss333 Brown updates.xml","Business"
"2013-05-31 14:51:48","usrhi","Rhode Island Historical Society","US-RHi-mss9sg2.xml","Rhode Island/Local Interest"
"2013-05-31 14:51:48","usrhi","Rhode Island Historical Society","US-RHi-mss9sg2.xml","Business"
"2013-06-06 15:59:10","usrhi","Rhode Island Historical Society","US-RHi-mss452.xml","Government, Politics and Law"
"2013-06-06 15:59:10","usrhi","Rhode Island Historical Society","US-RHi-ms214sg14.xml","Rhode Island/Local Interest"
"2013-06-06 16:57:15","usrhi","Rhode Island Historical Society","US-RHi-mss231sg1 Brown updates.xml","Rhode Island/Local Interest"
"2013-06-06 16:57:15","usrhi","Rhode Island Historical Society","US-RHi-mss231sg1 Brown updates.xml","Government, Politics and Law"
"2013-06-25 16:06:29","usrpb","Brown University","US-RPB-ms2012.023.xml","Education"
"2013-06-27 14:54:19","usrpb","Brown University","US-RPB-ms2009.007.xml","Language and Literature"
"2013-07-08 09:38:48","usrpd","Rhode Island School of Design","US-RPD-SP5.0.xml","Art"
"2013-07-09 09:51:46","usrpd","Rhode Island School of Design","US-RPD-10.2.8.xml","Art"
"2013-07-09 09:51:29","usrpd","Rhode Island School of Design","US-RPD-10.2.7.xml","Art"
"2013-07-09 14:40:48","usrpb","Brown University","US-RPB-ms-1u-g3.xml","Rhode Island/Local Interest"
"2013-07-09 15:49:43","usrpb","Brown University","US-RPB-ms79.7.xml","Military"
"2013-07-09 16:02:57","usrpb","Brown University","US-RPB-ms2005.80.xml","Science and Technology"
"2013-07-11 09:34:35","usrpd","Rhode Island School of Design","US-RPD-10.2.6.xml","Art"
"2013-07-11 12:13:04","usrpb","Brown University","US-RPB-mshay.xml","Rhode Island/Local Interest"
"2013-07-11 13:37:42","usrpb","Brown University","US-RPB-ms-of-1uf-h3.xml","Education"
"2013-07-11 13:55:10","usrpb","Brown University","US-RPB-of1UF.H3.xml","Education"
"2013-07-11 14:41:56","usrpb","Brown University","US-RPB-mshill.xml","Science and Technology"
"2013-07-11 15:26:29","usrpb","Brown University","US-RPB-msinman.xml","Language and Literature"
"2013-07-17 14:10:26","usrpb","Brown University","US-RPB-msjenckes.xml","Rhode Island/Local Interest"
"2013-07-12 09:38:58","usrpb","Brown University","US-RPB-ms1E.2.xml","Rhode Island/Local Interest"
"2013-07-12 09:53:48","usrpb","Brown University","US-RPB-ms2008.010.xml","Health and Medicine"
"2013-07-12 10:03:32","usrpb","Brown University","US-RPB-ms2007.028.xml","Social Life and Customs"
"2013-07-12 10:14:10","usrpb","Brown University","US-RPB-ms-1u-k1.xml","Rhode Island/Local Interest"
"2013-07-12 11:48:04","usrpb","Brown University","US-RPB-mskinter.xml","Social Life and Customs"
"2013-07-12 11:48:04","usrpb","Brown University","US-RPB-mskinter.xml","Education"
"2013-07-12 13:48:31","usrpb","Brown University","US-RPB-ms-1u-l7.xml","Rhode Island/Local Interest"
"2013-07-12 14:15:08","usrpb","Brown University","US-RPB-mslord.xml","Religion"
"2013-07-12 14:56:32","usrpb","Brown University","US-RPB-msluce.xml","Language and Literature"
"2013-07-15 10:03:50","usrpb","Brown University","US-RPB-msmaas.xml","Language and Literature"
"2013-07-15 10:20:07","usrpb","Brown University","US-RPB-ms-1u-m1.xml","Social Life and Customs"
"2013-07-15 11:36:42","usrpb","Brown University","US-RPB-ms2007.003.xml","Race, Ethnicity and Gender"
"2013-07-15 11:50:00","usrpb","Brown University","US-RPB-msmartensen.xml","Military"
"2013-07-25 16:48:15","usrnr","Redwood Library and Athenaeum","US-RNR-ms015.xml","Rhode Island/Local Interest"
"2013-07-16 15:07:18","usrpb","Brown University","US-RPB-ms2006.02.xml","Language and Literature"
"2013-07-16 15:15:10","usrpb","Brown University","US-RPB-msmasters.xml","Social Life and Customs"
"2013-07-17 14:23:43","usrpb","Brown University","US-RPB-ms2005.2.xml","Race, Ethnicity and Gender"
"2013-07-17 14:35:52","usrpb","Brown University","US-RPB-ms79.22.xml","Rhode Island/Local Interest"
"2013-07-17 15:51:55","usrpb","Brown University","US-RPB-ms2008.028.xml","Language and Literature"
"2013-08-22 16:01:12","usrnr","Redwood Library and Athenaeum","US-RNR-ms014.xml","Business"
"2013-07-22 10:30:55","usrpb","Brown University","US-RPB-ms015.xml","Maritime"
"2013-07-22 10:33:10","usrpb","Brown University","US-RPB-of1ZBR.1.xml","Education"
"2013-07-22 10:33:10","usrpb","Brown University","US-RPB-of1ZBR.1.xml","Business"
"2013-07-25 16:48:15","usrnr","Redwood Library and Athenaeum","US-RNR-ms015.xml","Maritime"
"2013-08-22 16:01:12","usrnr","Redwood Library and Athenaeum","US-RNR-ms016.xml","Business"
"2013-07-29 10:08:36","usrhi","Rhode Island Historical Society","US-RHi-mss1028.xml","Rhode Island/Local Interest"
"2013-07-31 14:51:51","usrpb","Brown University","US-RPB-msphilbrick.xml","Rhode Island/Local Interest"
"2013-07-31 15:02:55","usrpb","Brown University","US-RPB-ms2007.005.xml","Education"
"2013-09-04 14:13:11","usrpb","Brown University","US-RPB-ms89.7.xml","Language and Literature"
"2013-08-06 15:48:42","Usrnhi","Newport Historical Society","US-RNHi-ms84.4.xml","Rhode Island/Local Interest"
"2013-08-06 15:48:42","Usrnhi","Newport Historical Society","US-RNHi-ms84.4.xml","Art"
"2013-08-06 15:48:42","Usrnhi","Newport Historical Society","US-RNHi-ms84.4.xml","Architecture"
"2013-08-06 16:22:44","usrpb","Brown University","US-RPB-msreynolds.xml","Rhode Island/Local Interest"
"2013-08-09 13:24:38","usrpb","Brown University","US-RPB-ms2013.009.xml","Rhode Island/Local Interest"
"2013-08-22 16:01:12","usrnr","Redwood Library and Athenaeum","US-RNR-ms023.xml","Social Life and Customs"
"2013-08-22 16:01:12","usrnr","Redwood Library and Athenaeum","US-RNR-ms023.xml","Rhode Island/Local Interest"
"2013-08-19 11:24:22","Usrnhi","Newport Historical Society","US-RNHi-ms.1854.6.xml","Social Life and Customs"
"2013-08-19 11:24:22","Usrnhi","Newport Historical Society","US-RNHi-ms.1854.6.xml","Performing Arts"
"2013-08-19 11:24:22","Usrnhi","Newport Historical Society","US-RNHi-ms.1854.6.xml","Religion"
"2013-08-19 11:24:22","Usrnhi","Newport Historical Society","US-RNHi-ms.1854.6.xml","Art"
"2013-08-21 09:16:35","usrpd","Rhode Island School of Design","US-RPD-16.2.1.xml","Art"
"2013-08-22 15:58:38","usrpd","Rhode Island School of Design","US-RPD-16.2.2.xml","Art"
"2013-08-22 11:15:00","usrpd","Rhode Island School of Design","US-RPD-16.2.3.xml","Art"
